x1,x2,x3,x4,x5,x6,x7,x8,x9,x10,x11,x12,x13,x14,x15,x16,x17,x18,x19,x20
0.0005,0.0007631578947368421,0.0010263157894736842,0.0012894736842105263,0.0015526315789473684,0.0018157894736842107,0.0020789473684210526,0.002342105263157895,0.002605263157894737,0.0028684210526315787,0.0031315789473684214,0.0033947368421052633,0.003657894736842105,0.0039210526315789475,0.004184210526315789,0.004447368421052632,0.004710526315789473,0.004973684210526316,0.005236842105263158,0.0055
0.3139480540260595,0.7452031036525406,1.3825800350998994,2.196152896994146,3.153425160517135,4.226739012568623,5.394033474809096,6.6379200557442966,7.944556922479682,9.302708649578053,10.703050248999155,12.137680421088339,13.599790446998327,15.083440662301841,16.58340793809758,18.09507861506117,19.614369994959635,21.137669664972886,22.661786067884467,24.183906386192437
0.8906221750593122,0.23232042312379708,0.8772323245527511,2.1320270166333577,3.8017716614784725,3.9524952820684334,5.411843335066447,5.7036598943809285,8.177278476152503,9.406586302815539,10.3257459789665,11.74310692082331,12.775202695375127,15.719242109244492,16.97796211539571,17.271870372835973,19.975218933698212,21.27626406034077,22.3577672818628,24.754708888168636
0.3305432102121938,0.8777779585651879,1.2278056031677325,2.220094763045828,2.7142753184339456,4.349984425667794,5.420962131431286,6.314236303763652,7.936422537823294,9.29777192377231,10.232343183757617,12.547574032110502,13.92479820275694,15.026031488432395,16.68232485427441,17.840692744429386,18.91070734948271,21.911969811638542,22.676916073326268,24.29914240874707
0.03212965549108321,0.48991920390207905,0.5428603441281294,2.5711278431040023,3.091304025722471,3.805927430748741,5.200829526416699,6.653360206698691,8.281719389406867,9.474658367995184,10.328870941737392,12.07728170622381,13.579820749342375,15.054227484445159,16.415293746693127,19.140501223931512,20.229004268771778,21.388677393217502,22.44255483876317,24.137912040228613
0.7779165419004164,0.06299708879463728,0.9124695835220222,2.8484307961055597,3.7152413178000527,4.211932320984043,5.476868675109766,6.719677416878538,7.9657767501789465,9.906193801006335,10.584668710605298,12.320448314391362,13.768292108473146,15.313445907479363,16.12635430674063,17.64522684090153,19.59589690756701,21.799735078682843,22.49226793281514,24.38411084229242
0.05478865304655944,0.02166141779218078,1.687768509067395,1.7284939479793675,3.6903498170128453,4.695862185851056,5.123376262135712,7.218641772098531,7.6693323356693055,9.668462932172748,10.951127193325156,12.976812007266984,13.299610160899766,15.385673110331066,16.120292016588596,17.56135596188744,19.82406744523477,21.598292475586724,22.47343813056359,23.025007530650807
0.14591426845656164,0.6003708977757758,0.8375495259319446,2.5151310785688903,2.778771755195332,4.683400548306343,5.608781415993769,6.259848494591049,7.996074054682138,9.015554863831703,11.541321785124518,12.9742316716647,13.535736109010957,14.515079322579577,16.627064697923082,17.796510660129915,19.041250296852166,21.07409773122312,22.211519705102972,24.503859402902357
0.347198759194928,0.5647473078498857,1.1068862687904009,1.9737085636169942,3.3493654561488273,3.5026384837179774,6.4806227977532425,6.2205953364280315,8.02713605844141,9.131635193115914,11.19840347801075,12.164869540618321,13.403509950137803,15.221171415983587,16.531318045802667,18.252258383272686,19.2474430923886,21.371135379161736,22.892876140381933,24.19568622146221
0.27235924385154014,1.5000362419714182,1.6341956959274837,2.526482630967422,2.9607407810540805,4.530872763267602,6.009025726251737,6.457985910417755,6.682969423744195,9.112672149023023,10.523943791682695,12.330369783182954,13.190843143158896,15.645174302593619,17.43032277160343,17.83852816129708,19.88687276711417,20.2379738714075,22.7227379142282,23.530077512766173
0.37352389470990244,0.7085400449971129,0.7093961428384078,1.6495631006229958,3.1088899955420346,4.748755101160407,5.124319596557883,7.155615536968754,7.756315789659486,9.701792166576507,10.864864943334654,12.326160607142937,13.882639042548622,15.675160756898826,16.823569456658888,17.37774236813578,20.55159841802689,20.395396886445464,22.712423469100962,24.376000319690604
0.6054892135718942,0.7031774280260685,1.0613441217940407,2.9342593985706102,3.401529343506349,4.808749046045425,6.002899994512145,6.522608161113225,8.386440080396923,9.44393265031794,10.719939113580972,12.929114010547712,13.017395142924965,15.287966013376279,17.01583748485575,18.120757808524395,19.538800943027383,20.911495538604907,22.92487035121726,25.37266938775084
0.05285329682399331,1.0122685301718428,0.34928522815180685,0.969976717006958,2.8301636448933487,3.9665602466364778,5.268333585810388,6.75969775997076,7.401986824225531,9.26551043330206,10.923413611588657,12.840410050683225,13.657845835729711,15.562610682021818,16.761477854557896,19.049779551168662,19.620384407848462,21.050630530773837,22.240079235775358,24.482382228953597
0.6013045883256696,0.0017395689680200777,1.680953168228351,2.456636734883043,2.9808553678708942,4.234590385658848,5.541196334476401,6.782153395371627,6.983976823782303,8.96748081202953,11.344035499665347,13.146933370484517,13.370927230880755,14.38648581345534,15.80030954306738,17.986513939825915,18.77677684877742,20.962050834683883,23.099330435498796,24.877007810833383
0.4069421992732578,1.3102875250329746,1.1280797944409757,2.1230530031395447,3.678905812494451,3.9654872396155856,4.993965925704527,7.234671156545515,7.933519679781178,8.958979901774331,9.857669660220239,12.831109040096367,12.730284296071435,14.70640312796327,15.950927305227953,18.369468109764092,18.835391568672,20.467875799339723,23.18476221387117,24.099904870419405
0.11606620189379013,0.36395628918164524,1.8219909483812744,3.2050379140906817,2.756371059176708,4.7155794704211065,5.913538143500624,6.562854983496522,7.030252970459318,9.147312138459931,11.44800508701711,11.027076865652697,14.463702213026094,15.322793098173534,16.965566182904446,17.73475016295091,19.23174476671555,20.32362427063877,23.23759153519917,23.7910796243207
0.15153536108143378,1.1509280684180223,2.0168268956532307,2.9255879616195037,2.257271304329208,5.247663166533371,6.0642077550193285,6.509670342956726,8.063808383373768,9.427748855542475,9.733114251684443,12.06197482234021,13.173821287753405,14.832970445510355,16.3350892542431,17.886481435396224,20.11684308956082,21.216621043997662,23.194890562626544,23.52903285576354
0.35592604832878816,1.456262802864767,2.263844036481107,1.6397166847174813,3.5361999144724185,3.791012091539833,5.151852904876391,6.404560907150251,8.21302415061993,9.541829401251812,10.907087796479377,11.384752168461471,13.161277021219556,14.64819711921983,16.527592461712377,16.99931418132872,20.009636667847083,20.840230707937003,22.571663072417394,24.25754189778822
0.32337495330245625,0.8816372680602897,1.4738502565343776,1.8468681042178523,3.7341573192680233,3.322446800880638,6.746307071270871,6.40854370485127,7.912017290371762,9.142586870120565,10.24782843165623,11.931047537318356,13.382614407717313,14.840599151012691,16.972647882439308,17.61220188683569,19.62639562176928,21.677733518656837,22.58489711446994,24.731555289024243
0.44444391515710896,1.1733695965700055,1.7696688565562821,1.4402271006075604,3.151836474911864,3.7054066604945364,5.121608591951413,6.369463506943532,7.894329661555768,9.186237166718062,10.834626393658294,12.441939864113333,12.934131683022414,14.647730505934128,17.123905981853603,17.76408402753551,19.770238315281823,21.189281082514857,22.48788293446006,25.041416549703943
0.026155679215178862,0.7895404802027006,1.8775997214799554,2.199710892869507,2.1974154605591703,4.729925978846544,5.674984350930316,7.375651548141986,7.398681621888234,7.860609731251365,11.747065187869305,13.230726579956066,14.404876260983995,15.154186514175553,17.11703860572137,17.11301133556923,19.56894224206209,21.658345996094848,22.775104768175453,23.951783390430013
0.3186171539441738,0.39635010164893975,1.500048212909408,2.0691818983201005,3.2632124217905765,4.120893233881433,4.459930233353447,6.5505159218919,7.801905874687002,8.728846143176655,11.721833089719889,11.708156268656593,14.224769128998098,14.962574444249825,16.484969551983284,17.282574283583383,20.322635832726803,20.616884420574305,22.366277089598892,24.779066130623697
1.4380300417140064,1.2708941088350287,1.8213787828954695,1.6126346234016222,3.2255655400669547,4.35648574004997,4.0558611468132995,6.948137164815982,8.19686595788939,9.12020286478456,11.38134871404776,13.570153577306641,12.936319170029343,15.350999157179672,16.58274197328014,17.648500887185314,18.7133783163118,21.580906780356347,22.673635238615812,23.909029767266702
0.5556155371831375,0.7154452907919446,0.2098247363800707,1.9695995518872358,3.4157770865790487,4.683906662345816,5.5926626881734745,5.558442012343306,8.568786970729802,9.793985130248654,10.15036854652058,11.786824568247976,12.920077307600787,14.61501923353204,16.615353917154092,18.201955443583874,19.773321476027103,21.047127448348636,23.332078257532004,23.821611070260648
0.2701740919417505,1.1338842019219764,0.7271984887542732,2.34715396391712,3.6027713839275552,4.367559471130214,5.792901977989289,6.829590930663798,7.860138565790953,9.246696592033722,11.422891055803461,11.43851998346712,14.167291453046492,15.151539840210365,16.273128688154333,17.21688143218855,19.543345128741308,21.11229738450339,23.038993896879358,23.71713321650879
0.38810832405290274,0.6612475777864668,0.8581500538999658,2.341737101078369,2.6302823218408466,3.9475136671295488,4.900409162136142,6.7804133043670936,7.563449077181929,8.895053204228514,11.024301426243047,11.934836787324558,13.657108431723968,13.978482394056723,16.900504542085418,18.53436194076801,19.883875578782746,21.582351912132236,22.50529034272253,24.248826658478173
0.29417319390710917,0.5088711858061548,1.5587889673654503,2.1661000119381555,2.9416390489035313,3.387091229885165,5.1440073242258055,6.449462480630737,8.679226781609373,10.017417730571738,10.402353786624715,12.293723584096773,14.025885706239148,15.105902149870936,16.471251831975728,18.109533801370905,19.60645366246098,21.540791496450026,22.17400310512616,23.90915866036658
0.14764284098650532,0.8758065202190194,2.230818704712813,2.37353738661702,2.4091966355034717,4.226319574174844,4.203102341020253,6.826792881599188,7.721074801421477,8.944037921998921,11.42675989218808,11.33543436646182,13.482762455192464,15.273400904129923,16.604970826274975,18.677720434757113,20.026733474022848,20.723209918925455,21.851294931938526,24.634434898953153
0.6125155831933835,0.7131532949947444,1.6453096250679202,1.8528616272410063,3.2033508292709647,4.354129863293342,5.2887796239965486,6.834020157887616,8.652301099688776,8.888986456016337,11.241856042748628,12.63807749821941,13.636363634476336,14.459095392540526,16.750577471581543,17.72493446858389,19.500236551034984,21.030909734820977,22.743712143514845,23.85925235985634
0.7561819152110336,0.5253597767526281,0.9514115812945753,2.5682615765708516,3.680444019461741,3.3865395996730845,5.177540456207406,6.169120231195968,7.257135906085797,9.305221989765464,9.658826483246084,12.898766198852007,13.587943592700558,15.871394382280174,16.600537732713573,18.830233699569632,19.32342789292333,20.553837986226988,22.152432224069624,23.720155173557934
0.2792954934923879,1.0327131979410218,2.1674820420139547,2.01254695568053,3.305442170379073,4.437124108077327,5.486110374052256,7.190339698117476,7.604900007618878,10.026800621095177,10.601196701509663,12.404759445265809,13.585758958335893,14.776914456404635,17.092809472772224,17.84391668858053,19.74697080853766,21.177508476172164,22.79108276918551,23.27882517571255
0.12616601062674554,0.8613084262226013,0.30794145286520713,2.508316998423879,3.8880390314462394,3.764202180655224,5.348825860700934,7.325830975791825,6.26493487253556,9.38929986219883,10.772010032157338,11.107426993220436,13.148391329480752,15.360817263871713,16.511843361726548,17.61856515856751,19.431438527078207,21.113050046910825,22.50166472533319,24.87613528358347
0.13853171670609202,0.2583397074123612,0.8599528653560846,2.34763277838323,2.5466283135667647,4.268600889988414,4.673488759540336,6.189022896520062,7.689087688899965,9.683486298305453,10.451015468081922,11.740638964345646,13.83775180892129,14.946684551347593,16.553835287307326,18.324865617435268,19.747520430806212,21.142536239329583,22.270589008000023,23.623115737350275
0.03039777892128681,0.4854537122180713,1.0606864234088824,1.97876840375777,3.63687601852133,4.380333122603271,5.137742054299724,5.8900831218177725,7.690911191342756,8.760783048029477,11.311076118236466,12.369854317740087,14.093326872712575,15.1421384793309,15.828529685631072,18.23184140601196,19.66593505064892,21.53297377568672,22.786426373788537,23.924725456981857
0.18415897397004594,0.04102160074588679,1.5448997587523816,1.6008706662600216,2.035774638110947,4.734674629726043,6.044974063908896,6.634459439806064,8.413975901134249,8.817799443944983,10.039016033967116,11.31914507436526,12.642561744297735,15.142777173348195,17.02251827396155,18.72101936067636,20.107784587903424,20.970829488956596,22.464446183087045,23.431979250298962
0.31048435821320564,0.820567272420938,1.2054938469720797,2.5982082463009935,3.319480644392101,3.8700441980709765,5.178205297288754,6.828277459340479,7.430973568715035,9.230732593947478,10.66789884304284,11.50385725338239,13.709660015728108,14.263362927357315,17.5959736654672,18.503180741175917,20.34723975061294,21.17954993565063,22.609778021157528,24.36331097595332
0.6661540421099857,0.587577143485436,1.0451038915077706,1.7950873158996021,2.9367718313335422,3.9685213522842515,6.245558420402515,6.143259102030487,8.279371307236987,10.040478950649948,10.642390317936703,11.142143683517864,13.357720168004443,15.374475273183123,15.581610851022916,17.992783795415804,18.733301046333047,21.079785670251145,22.903597180023716,23.755729809643434
1.0111670753090705,1.443892699187948,1.183403538107889,2.392160140807804,2.6674788803925455,4.905478110159377,5.273203122703429,6.572934897086514,7.519309267159101,9.079738572689953,10.70553824179655,13.115812716044397,13.248344072375465,14.54201930318948,16.012181510027254,17.659944905351374,19.630007003195136,21.415899381972537,22.329441617528833,24.019922766929138
0.05909170165859917,0.15200604744676938,1.43796355029951,1.2188867295054449,3.3144521104849303,4.142620448317555,5.8291035721919116,6.727263163339738,7.9986275627925405,9.365049729683662,11.389690970882098,12.057457796663904,12.761014747178857,15.166657608026043,16.67426981405754,18.302306022257593,19.30654509386318,21.323697414552885,22.951364465133828,23.46077777771553
0.04308989621055698,0.8295278838595773,0.634850009755517,2.61561668496293,2.761233935092518,4.322337975438532,5.121728482254824,6.797646429803268,8.712856947943687,9.554530366678176,10.668467761046438,12.208765637441548,13.800897433071338,15.418570044957521,16.658390186786878,18.025727791085835,20.15876866286194,21.289928436442736,22.383748030613418,23.98383689461636
0.6911680529079717,0.6930816229437029,0.8440551758807489,2.462734994606584,3.5376824419588493,4.447675611684297,4.76106881282651,6.630542320826891,9.034325106056126,9.045966394011785,10.795370918828933,11.467181338683027,12.956640674350934,15.43967408423772,17.07626932488508,19.07660139712305,19.722979898727726,19.77470213846474,22.59133870615093,24.0703588864719
0.018603717345842485,0.5655443457709384,1.961883492182634,1.6216321131829143,4.269748369668848,3.5848770895229602,5.435856136052366,6.153471863868676,7.848501617397954,9.109728315645942,10.482418416426773,12.07873499561236,13.989573319869947,14.687274989011506,16.386315287940036,18.204811467880223,20.047842439061665,21.200238041505013,23.033172842123985,24.074144348222237
0.2673657453108999,0.7204307809887294,1.4596694696507595,3.311944673835526,3.2897283318984276,4.1196992229855995,4.679486053236621,6.37332814392851,8.24520586311733,9.210930905188537,11.119975123321638,12.485249280803743,13.314597821581525,15.36694278751443,16.37004971806832,19.04769683138092,20.21563095000746,20.33337812022651,22.847661830659987,24.134625140146102
0.20197629815162926,1.083976197648122,1.2347798517068882,1.4112067583260808,3.6771280639644974,3.2598408018367113,5.462699827742645,6.533070303085985,8.275077775180792,8.458679397331954,11.106268122752194,11.893729394183424,12.84022633712714,15.24359060689091,16.277067745213383,18.328039114378605,19.632373453366302,21.77487910753762,21.880868898595306,24.586103524402336
0.6270144507870602,0.64857488052404,1.8853423325606626,1.9557339751651495,2.990481159746083,3.2303568472079984,6.09484676367129,7.245648201157175,8.022126794847308,10.627393462649701,10.23315796279552,12.422698469522638,13.321531789193742,14.800638692243215,17.45549315473217,17.5910131990828,20.12110127841099,21.178295096564405,22.15300381202353,23.841080884690573
0.22023736576073025,0.9328132385860983,0.8603006572088218,2.1366019962328116,3.6552949696977928,4.011677063342806,6.289269557470751,6.660934917816618,8.03852688959688,10.033634214893107,10.688760408710326,12.862032141569545,13.875568845961128,15.008715383819847,17.015387990020415,18.174722989475605,19.544336735125835,20.62346928757475,23.01295939126997,23.199697178233333
1.2567621175130779,0.5655654615756097,1.3843959835685578,2.7769591105119154,3.082976296660734,3.661658168623307,5.659763729388531,6.309980582248361,7.373378540229282,10.672431255332864,10.095482464875946,11.984682753940566,13.052088466812402,15.567876605836648,16.32657937532451,18.336643925283745,20.401982343914206,20.981743906346107,22.256303567952738,23.974379835020887
0.14758806100304622,0.3875903711129651,0.912560052714954,1.980436375255142,3.6288738434299894,5.530214811150479,5.377514345737395,8.487639290289874,7.252819857952837,9.718709334883552,9.878483842706425,12.41866151040447,13.392204203869046,15.520260982774296,16.41433062519577,18.792355152508588,18.857855006720023,21.103829144742992,22.88342476412989,24.869826548389643
0.3378628953293049,0.16573532159668158,0.9778466842779313,1.7859639232064084,3.041159292528599,4.481652341307732,5.263142384098205,7.449002865012247,7.765492051242883,10.47751219738659,10.999993866221084,12.20691001835827,13.205710716302463,15.299650810311164,16.04412168397432,18.729903926783415,18.95683049162835,20.507031690509198,22.078965721087176,23.931474952849694
0.5885856459273721,0.463279719372994,0.6663691779485686,2.3366769600485444,3.329692394949477,5.067755597017662,5.156442446891999,6.442277563986105,7.1891921634632086,9.346927516607286,10.616774192757461,11.525464692873882,13.86365852591725,14.558262260106963,16.7998368362969,17.981333102970726,18.891008006765205,20.60606361395816,23.423429121450248,23.914599262101373
0.6622349731963781,0.9436663273046155,1.4151329338508845,2.0120451393015264,2.915628074393865,5.1060225623690485,5.99010514638401,7.387041730103952,7.87217527097626,9.531190285272917,10.644194432977917,12.014724384931583,14.235524203665252,14.325269695901762,17.096532856844437,17.76376817444852,20.224357883392603,21.17889571952758,22.714969116459567,24.712954975302885
0.40167985611077806,1.4333701414015103,2.417249857811333,2.6884194857505617,3.943769681296293,3.3922517761235227,5.846887620990131,6.659557722819043,8.060784399795388,9.61197713086603,10.87030977269254,12.172991823154057,13.792225749902716,14.984492809368946,16.04369007906922,18.641106468499203,19.03866142000906,20.766564108540447,22.627668789127178,24.400271530128073
0.45958116851986547,0.34822028640445746,1.3870536239370883,2.8016807558893637,2.486896365693075,4.398543333614702,5.574510600733714,6.812624085825463,7.735705971847819,9.69952419618941,10.635697128900825,12.047394200306545,13.306671641900055,14.712100310628324,16.67746785332083,17.93365828974984,20.10290349743523,21.713577687042736,21.953665332107047,24.278391589266924
0.09337838475434501,0.09166115387589535,2.105998351786188,2.0644398349753947,3.355762701633571,4.553246860362155,5.509891060628194,6.040210003473461,8.136048084427232,9.0435949422472,10.9808658061619,12.446518132568462,14.431102744656428,15.208310672280474,16.22670003172709,17.985373709226007,19.270629849360265,21.683570929806372,23.1026601261751,22.912207783299007
0.2002124793405119,0.298830342895927,1.0997752143965558,2.4210219336470766,3.1874787238568048,3.850795141052306,5.1571096695347105,6.204021784218285,7.681571517720377,9.144281974317888,9.888795855607649,11.832132670449655,12.920653840827322,15.541023702329497,15.862683044554073,18.438937100101406,19.94375453749157,20.770211260201314,22.642967795524697,24.095258608007118
0.6977579369290972,0.5444031364154974,1.2041669038419462,2.796868712495639,3.2434809966216185,3.9744871690592265,5.006879301845188,7.222041791732506,7.492081304496995,8.978880131163601,10.419269674095256,12.157001506876842,13.979724608168853,15.395279279663466,16.82801611001316,17.992234147787237,20.2700050470352,21.25810648774444,23.19578491021424,24.175151827112046
0.001034116321621148,1.5344661818174568,1.3438407071842222,2.243832024480322,2.947976818371442,4.551022792453568,4.874507995899142,6.317455148188599,7.513904451874756,9.525132252303314,10.317281198205912,13.52292764656618,12.586156331020963,14.482453006251585,16.57467066916019,17.71012207244792,19.295728222902174,21.20612163771326,21.716829307040033,24.024715349993915
0.724147657271984,0.7758852372685738,0.3009100630345036,1.761372895651841,1.7493848993163221,3.3889543727975107,5.958720185751765,6.325410966313052,8.056061095554027,9.279825165154836,11.608857524059133,11.820587360722064,13.44482652258634,16.162886959734333,16.972630133949245,17.244547743269347,19.860203050518017,22.128276970886837,22.876539542220986,24.752648857390824
0.11193736757076916,0.09871541511074766,0.5556189163997791,2.685555887914194,3.5821741051570486,4.335779439503701,4.946895110286741,6.20379833060214,7.672814407791758,8.451608220099992,10.909442871416116,11.636173804168106,12.706345808019439,15.194710763701917,15.82494697607807,18.624222210837246,19.616901105238785,20.912700613778696,23.16506848493547,24.453582860808776
0.1481560392772414,0.7364678475792661,1.472698590213662,1.4728628303351698,2.4910489437950303,3.6635374304548214,5.992051136580195,6.573307199263462,7.808260507822008,9.738904873622536,10.546590179192725,11.981751607207666,13.475295966568806,15.936261496193865,16.42669004395383,17.800612766716018,19.874395068103322,21.103530409733718,22.550287631502517,24.075494256747007
1.2972405737622563,1.4021313926516155,1.1739891844606911,1.6706578274944301,3.4881453222490864,2.7885549417504882,4.9738851574404,6.824986739707371,8.360917077007064,9.372646282733811,10.341318699665564,11.994137174614883,13.212790995597329,14.259012582532039,16.437649990336844,17.906477265815074,19.39164424693584,21.2313037677774,22.10559697310277,23.85011746191544
0.21633620557965752,1.3324257723538082,0.9808713021192557,2.568699119260419,2.8939734574581455,4.770939031837205,5.043709590375694,6.7956897311464735,7.823859984689673,9.134526560225671,11.557346835859539,13.189147894782957,13.393952997175088,14.880815411123464,16.803641449706777,18.300861667316692,19.51994134900381,20.83659199115778,22.948465183036575,24.18747282927267
0.2598392657131028,0.47103044764417357,1.0982074437778,2.9182284573193464,2.5680517933350115,4.228887003111904,6.413876824876944,6.133172583266425,8.028001634521306,9.22596598418677,11.437994469700534,11.881042787266901,12.898694612175037,15.343139287302868,16.167324176939537,17.909059127640386,20.656925417214953,21.3999935616116,23.166226100363637,24.42297628732081
0.18233143256766846,0.8272160643428123,1.3998807578549153,2.02540093541716,3.0835475766138605,4.4624689549518255,4.726648927137354,6.597875811201723,8.600096727817352,9.66584833999669,10.904619931651837,12.004954774135443,14.253150910688335,14.749251850801254,16.278832130081224,17.795031718151975,19.438419378884017,21.771279917641714,22.52038064192325,24.315433209849314
0.8043256626863695,0.6712277683532084,1.640812702561203,2.0844587504397367,2.3672254205099934,4.480243541720483,4.891851277107116,6.68708504636007,8.292380415477625,9.61100825893751,11.320729236238911,11.346294668862347,13.633848880730275,15.628331158363814,17.298121459584905,18.39610224596246,20.060981347891058,21.209458674322175,22.59338821049931,24.508422974985862
0.5550393441189128,1.6137885607766869,1.7247614108791607,2.2367665512200103,2.754191459729034,4.726772205631267,5.147872172481918,6.641779950000148,8.376657248267545,10.014312776063084,11.80504177116062,12.276689243841432,13.83293446514892,15.275647225423315,16.37019560948626,18.298873818601773,19.85775937917632,21.29802140350226,21.937084411638047,23.412336999736972
1.2537192582181216,0.12492601055166341,1.0741044603960719,2.6418110255915144,2.4808526324075517,5.119281967048803,5.911831297373388,7.257641088769526,7.360395463844033,9.36094545115859,10.845220711791198,11.379824909488548,13.250037911412068,15.822065771800013,15.939981581671788,18.22127246091335,20.20647235210036,21.455957384548608,22.49232562418737,24.037227111392795
0.698302363610229,0.23939800700189506,1.474443304774151,1.8097769388975626,2.8608188134772554,3.894718176561493,4.858838220103406,6.850983013435896,8.308712156611092,8.638898177549121,11.139189419469092,12.086336931161247,13.544136508129554,15.110232227299425,16.50377171378674,17.764515780990024,19.68313904823588,21.156094759227248,23.59219928994803,24.704420668835567
1.372915184509974,0.21342418674661656,1.6640123552843873,1.716981443647744,3.68444546090617,3.6214339517302054,5.745732283163315,6.725567016794472,8.40063020323676,9.282909346371044,11.577974804581388,11.722376818074009,13.782652574477584,14.875852883758858,17.365079544660063,17.714954634691576,20.39022272392542,21.5992086040352,22.275532485658157,23.71805734180753
0.9854022429176693,1.8343155709888006,1.2045354094264615,1.3839485597659285,2.660697316125521,3.7839752082240263,5.048932506387071,6.715855305127498,7.993495460490117,9.768727984607288,10.587172326856603,11.575620962346328,12.605383952911005,14.580233471626622,17.677624070167862,18.159392959133804,19.592145521235757,22.356782720687747,22.39169782129399,25.089799536960328
0.6225311172110719,0.9015667084051865,0.2893832769368434,3.1534460266520856,3.104579376834619,3.852723227406475,5.3458989279588,5.52112480123461,8.961287900124374,9.894741195081023,10.652238423343496,13.513842786590269,13.941826849305102,15.256294773392934,15.519448277165248,17.853018093352237,20.145754663133005,21.35442972997998,22.24209049888468,23.887274049851882
0.32771415593572034,1.6246328731717585,1.8724892260074089,2.046300469409061,3.4511592287270836,4.509048993284626,5.72414143790935,6.725372917216141,7.841812044363289,9.20526018645528,10.626833134603146,12.651287170317064,13.300056726180335,15.248900654459886,16.79977636103184,17.336865044606267,18.90236823928302,20.286718405308488,21.76505188601641,24.05665176469812
0.46941439924913414,1.136869797789921,0.10804058873014855,2.144554910378558,3.396817700450686,4.047519322462462,5.146959351642404,7.0429998296982825,8.236057145431579,8.9270327631309,10.719390894584423,11.627205085259641,13.822360237805697,15.057706604091848,16.743840458972596,17.767934954222277,18.970586335869893,21.0455708934667,22.378470307884527,23.88181673279635
0.49439231828027985,0.5549356051029425,1.2700188357470987,2.760133637324026,3.6136385148871137,3.9529335413315847,4.51453864083793,6.383404541597495,8.356183794025764,8.492501622172831,10.206904342670787,12.107225775152562,13.394406870843174,13.60199866293384,17.268581648381026,17.934415937161404,18.970626657788884,21.428285401323432,22.175314680274322,25.2260662359409
0.47753140546553596,0.6589148847555953,2.0142178863752,2.469053610202813,2.2514233005529825,4.393971470526296,5.642626120760021,6.416198106818779,7.450133406360244,8.647198600599298,9.938880472578656,12.49744679518675,13.730931786191247,15.169572521896008,17.51681484364044,18.204267344608915,19.501719170993177,21.461400077847305,22.892969972663824,23.614280350338785
0.08364441472244277,0.1838154516392131,1.2088696608983127,2.5042156031819585,3.3893809749839807,3.976326620036189,5.650755355951248,5.468172770008908,7.467267942543618,9.353563191936345,10.703406210820894,11.776218409876606,13.832792000321595,15.720269318031951,16.666758320596223,18.367967431371625,19.446908627517224,20.596163893782656,22.74537606268873,25.325014605819774
0.21703528042384654,2.265684794510072,1.0440533208339915,1.7476280438579814,4.322182571460584,4.677265285663527,5.420757262854069,6.826347565955879,8.098717091831361,10.030130590682305,10.47221975708848,11.651162077030635,14.558308360507754,15.312507825195881,16.783029357609024,18.691548482688916,19.736747574308346,20.73836400217088,22.001794437915738,23.375972199278912
0.032580625028986177,1.014679965022119,1.2841427492963007,1.8907719236414138,2.861989715514476,4.260157087810906,5.671620768499663,6.737767955872655,7.700429237121518,8.820919292552658,10.78631085301801,12.319733859680614,13.977127467646055,15.270219790138965,17.363208933984374,17.553360363178594,19.191762231076737,21.1760453827915,22.753695834988463,24.41685232576135
0.201866482575623,1.6996970815425008,1.383668625802604,1.4740845022607474,3.4212993501578355,4.824108952834764,5.437182762839633,6.0401000829188005,8.66852778498825,8.283859159357867,11.769009931038287,12.82895286453818,13.62931785759169,15.596544602550338,16.892804487419642,18.008164236977134,19.925825613820763,22.00000937517846,22.153455879316596,25.061356791816657
0.3893134469149824,0.6659761214548888,1.8256292543650656,1.5680191056189114,2.6884893112773964,4.09649123296313,5.233425113431143,6.744172698849852,8.03464004934598,9.231456409607597,10.091173367846809,11.044404865225667,13.630786530540915,14.54403360329332,16.20710118502568,17.510000079785634,19.096650244329172,21.212979298097576,22.210677245724465,23.577042867971066
0.31258091787266695,0.9914235085934037,2.377867221283968,2.1644547612030154,2.5705784355786125,4.78269218578332,5.515026864212624,6.777172721112855,8.15547933595923,9.309998164056504,10.57935561051736,11.588107570470724,13.030339811673633,14.945460777346804,16.292373631893206,18.30394824119022,19.158574168621236,21.622340134307944,21.757745314561138,24.2532860889029
0.3301881133401623,1.3348500686172016,0.9738362513120973,2.5282544591351184,2.7131282480719845,3.746163338567329,5.721846619305177,6.20492163449736,7.8296871286143395,8.598799978290147,10.511150204140478,12.328258871176338,13.232278337530849,14.604095876069856,17.157537850932798,18.469579994638984,19.72920170920053,21.238045038573393,22.612960751763133,24.06993906141659
0.967225950719401,0.44871895455798333,1.4377096194673629,2.7894613871248533,3.0740824352305203,4.759220877566975,4.70430587438511,5.811510633443204,7.7455299478085315,9.09022676587452,10.558982603138212,12.005470757465295,13.43436125591667,15.446569189497868,17.17706882261059,16.849377953034253,19.87368807312653,22.28946557466283,21.57867256343644,24.090799363383407
0.6730594273412385,0.33757452476773314,1.465319430028824,2.0405188080064907,3.09280206222912,3.8134830699592968,5.247762564283601,6.5369989271848095,8.11323095755343,9.619347352284638,10.767014373187152,12.80006692908204,13.767118347426806,15.070148240299957,15.982916423162608,17.857974952775148,19.807593932689638,20.987143242397558,22.583342721970773,23.756551973862372
0.2251084169607646,1.043374799789842,0.9204689465281833,1.7062998449755613,3.6518374598046135,3.406864252964726,5.489668110033498,6.814044670701371,8.16893868707763,9.100946965889042,11.277106290375864,11.82391269801358,13.252585348228445,14.343388032771294,15.686197625963523,17.79497408666289,19.40823379763796,20.57787557755657,22.31045181291014,24.105195561911057
0.4100391545388872,0.6244059197643886,1.8216519456923694,1.9298240170499508,2.597192217662496,3.1945977411907984,5.303329086761706,7.045883432270085,9.015496830983702,9.466366690159498,10.324784878650147,12.65163264205274,14.098035467902633,15.952694636560125,16.500175717263087,18.43049497587284,19.381431265320536,21.10821977649523,22.67224557766982,24.162376487256097
0.09333097990009098,0.4013043400833374,1.5132517591731474,2.7076918479717635,3.0342986017674636,4.111786220260259,6.043146900865018,7.416540273767218,8.047402924437632,9.48465325890688,10.421862823925228,12.913518158345305,12.6200184773784,15.174161618735713,15.90458649667442,18.529596376190405,18.855236850672696,20.910976693920933,22.67425310245628,23.410107600360416
0.284479133214524,0.9248974566019942,0.6456682635575294,1.6508797349189148,3.434086427466828,4.0617218504292705,4.928030004432058,6.503185357716283,8.22009915735673,9.776448085832593,9.9460216073319,11.378962100871371,12.752382039907662,15.531561590951698,16.392478828664768,18.648294202790098,19.640781868824682,21.778502342292775,22.81388674800277,23.908669417307255
0.34434982663147357,0.44668651094990236,1.5389040853163294,3.130775825276986,2.4941964609804694,4.443767255095428,4.808859337315317,6.233689241055683,7.271661248495003,9.11401977207935,10.849262787953755,12.267146821365486,12.747687982562915,13.976128368912446,16.870603990902364,17.981089350954782,19.96585687392389,20.916187443797057,23.14412789365149,23.845315202769783
0.2756883061706623,0.23431613236387439,1.2430863285159102,2.072072063783824,2.91865890740386,3.6657957644492782,5.562970813886138,6.053004030011644,7.967865865221604,8.254653452793091,11.174519654733023,12.291869856611056,14.220399268623042,15.275957358859433,16.389993973549192,17.74173351887464,19.97197333459151,20.786392454652525,23.041517588763888,24.175712379879208
0.32611285204343654,0.7873650484429556,1.939344293423233,2.7628079254799776,2.307020846066262,4.463586669190733,5.556936729766129,7.239603512420935,8.694037785253979,9.445057678510185,10.061900667935882,12.127055049339932,13.625606102355052,15.129378435966158,16.728091908752916,18.326014861336073,19.23624956133258,21.014853360550674,23.253638630737203,24.351136637217184
0.3603316353991445,1.4538869192307295,1.4916270872968354,2.2263432049208136,3.2559068309471453,4.589776120668213,4.5861355086705435,7.101276857222884,6.995452368398773,8.993740538887089,10.817843809130661,12.706086227406633,13.742634809083144,15.658222915069494,16.492251371717554,17.34092400604642,20.127351609994303,20.846287315609416,22.357790196563133,24.49205316453119
0.4630121360162005,1.7004385819210919,1.2585010781688044,1.2980877895110765,2.514428884323386,4.4351821936400135,6.117680759508472,5.707190793601495,7.476743169822436,10.08599729253407,10.429712780719223,12.145854466520873,14.001582503878403,14.687527559509956,16.36822261889821,18.0002023753633,18.79555320347865,21.335039252899406,21.559568424679767,24.0489167137375
0.6585695077787441,1.1996388280155155,1.7029086375079048,3.602035386476529,2.826083306721196,3.565674035112643,5.337849646810383,6.574187289341252,8.131404095914986,9.158392061976516,10.470191439923893,11.835096321142817,13.39753229998067,15.689157217227711,16.213073905595593,18.049366998137216,19.909787618962184,21.103590834120233,22.582827679913848,24.652243324864873
0.5945873329435912,0.9226557125626691,1.0249865459916847,2.40971649905393,3.129118878892011,3.3299741775066796,5.095402007763606,6.82258634382955,8.180741331209491,9.616897749472054,10.54704706465868,12.257044985783866,13.231476244776923,14.731453368665148,16.309513227925304,18.449439045358034,19.5377125687105,21.45600215014867,22.27230052813974,24.25490563531925
0.17675875949172776,0.7011205596308239,1.20079843540952,2.1684154750788354,3.3958475540492263,4.741466847912194,5.49583959018106,7.11011162265499,6.928571638189353,9.763177445092154,10.196439124508455,12.20594424995971,12.890255090132278,15.858639025187912,16.227311211522938,17.542006689450023,20.377434508210364,20.536364893426462,23.751159003715095,23.94758609746079
0.879424671084177,0.2864088478413042,1.1720195842416847,1.917793571574311,3.409775203259663,4.182337746057553,6.525503232176629,6.68005922244626,7.793198130647365,9.086082379636562,10.963529279995047,13.055781950998119,13.726546987466154,15.371392043031685,16.62542397285208,18.946063582779463,19.692558156642306,21.7220200956096,23.007524695561532,23.530371636285928
0.729103455436201,0.7921454656834019,1.8008687128215397,2.318879813891914,3.3520745625382533,5.270965203002085,5.5132594786651845,7.299204757010575,8.103201596460945,9.575913242455455,10.62363761756051,11.347180293369517,13.224769567979767,14.646606254812976,17.367879016675467,17.990025036432822,19.899765898443523,21.038463260863992,22.8456147203419,24.506355872223253
0.7198408043383193,0.573961496673456,0.03893325457501695,2.16588273048239,2.9032060706718625,4.63413317018517,5.529366568020792,6.6943881661439955,7.842861674439072,9.005984528272355,10.330543977813418,12.02313828881234,13.624960757115447,14.824702211312124,16.529741244955826,18.825459097357623,19.956677396301437,20.934570378793552,22.3073547582884,24.267031994757623
0.5443034603206166,1.111399334735915,1.5627395969694085,1.7613745796320033,2.9251871841559476,3.5864622084014375,5.178525591230784,7.105110637941165,7.298875758145529,7.967772165116459,10.297425392861312,11.783091797910652,13.410628622129288,15.671598133972322,16.480182271211895,18.49912645929842,19.559781186041775,21.17705970702808,22.806470215704284,23.776932974474573
0.1416403557641306,0.5404229979319848,0.15776897308322213,2.431586630706276,3.8186317119357325,4.3987479393821705,6.378781259546049,6.95422674142687,7.670101106236452,9.19288695166467,11.081975746825405,12.43980415026951,13.504915705973497,15.283529350399055,16.697603758686817,18.604042561419906,19.49240351712758,20.729983848995353,22.66896193468569,24.477135329885577
0.37574220147594634,0.3606897112149104,1.5940999299689602,1.4651782062067635,3.117019932567517,3.491181517113845,5.22645219305124,6.810597463188881,7.919272842345709,9.590458528935217,10.415891801252085,12.155501168642022,12.897638283434466,15.256298299110046,16.921682674386705,18.233936708947944,19.377072526298313,21.61504194519962,22.037037316546012,23.399201343347936
0.1914084702303971,0.37141693081913574,1.2477671895544864,2.7961997185673972,2.922378669903659,5.08412650949961,5.1436368353814235,6.83335758735022,7.371575663647252,8.952151254389742,10.641376749163701,12.448846106456035,14.452763389281028,15.437117927961328,17.0844609872503,17.983701278624434,19.226231802373157,20.993922925410427,23.146523703524583,24.97534514524716
0.5327419894498571,0.027421695913015687,1.3844725208937352,2.377078320594986,3.031145966184657,5.1970782873797265,5.122671128441197,7.099220056912561,8.792751707054817,10.32630636112142,11.504006760895649,11.140598054038737,13.149564931675,15.513092057088421,16.455454729169507,18.721197556756696,19.892603067322856,21.042277199802808,21.49873603590744,24.039302066713585
0.33741474657255943,0.8614964314416337,2.3906830308544844,3.0087621202151356,3.108804425284487,5.859003120831863,5.291818235623965,7.061501837697308,8.083348994907908,8.60912232903187,10.481683309671245,12.198604717068433,12.969287263573129,15.220087930793786,16.30532745081474,18.71846982635445,20.8507626322358,21.300060701276752,22.047143427724937,24.31482021874474
0.7203777434655874,1.137208934092146,0.4879490317527835,2.082645342103996,3.0700680039092636,3.969452106610464,6.06628798081711,6.226470923373926,8.171602311892771,9.404616570157991,11.559649368312707,11.858691061853937,13.530489024178449,15.333775383371044,16.139324945790097,17.703502419718895,20.286262566993965,21.116398582164287,22.392455873493578,24.713499282288545
0.017401588929480294,1.0097255423930112,0.8136155244526283,2.102997884529419,2.8516863872712377,4.022016599976864,5.539631739922487,6.163173088988849,7.820746050018055,8.757801252749857,10.072332733668766,12.406140753166287,13.256753732808107,15.380068354630138,16.073075219675296,18.23254135937122,19.798669879884415,20.980971553601073,22.689876250123856,24.190815439509507
0.37209858738567203,0.7468713188961006,0.9201318274740968,1.974288085845944,2.7803648621253094,4.211524907394349,5.71173468786543,7.338505697821993,7.390996665392046,9.120272896490981,10.109203657728964,11.331138579811112,13.48713204065018,14.857335392292422,17.224088578363997,17.990923361735735,19.568663245094292,21.31517467098321,22.218699252257203,23.77685755702067
0.5323506801379412,1.6679035802234952,1.6193497877002676,1.623567999192648,3.577286308156855,4.39669109589262,5.399721486404445,6.392649063349271,8.003061291350294,9.714568253390354,10.848320981358262,12.219616345412057,13.275303407757006,15.101218825691632,15.742577374298262,18.32919021653112,18.798841799634282,20.420759553269736,22.915239596189412,23.687191325029556
0.6398415115489244,0.5470421346500469,0.8606882928415868,2.693416133140382,3.6659079102568666,4.9496723123677935,5.769781011246987,6.1647625573685705,6.975772868356711,9.550389460882448,10.598961971568842,10.772886363889878,14.604188645296075,15.092179240565267,16.8848601410016,18.598803693812815,19.2300497496741,20.613978632699844,23.431748336874836,24.64783447266431
0.7740039476767251,0.9558906023306635,1.2126650702638653,2.7868876176873427,2.5881924309619473,3.890402081856686,5.2501995872677165,6.912449307338169,8.058115165948925,9.980250675012805,10.817465297841954,12.355003088951488,12.459825525786352,15.597525092602027,16.44938845177652,17.762544194716153,18.999703952627033,20.463444984617347,23.5608681276588,24.523699179003902
0.4537656585408848,0.732545457099834,1.1110963785259504,2.524501379634427,2.8284134653274697,4.048665066032788,4.834896495902295,5.8757668677326915,9.358781099869827,9.095321316157532,10.557780268900792,12.164721687401764,13.170305600848794,14.509289843495552,15.633761739937936,18.65444204867542,19.659943547347932,21.06743011693223,21.728322369428128,24.482924754458786
0.9204529531408804,0.7711365592938088,0.9600562240034012,2.259833371533866,3.915633209355207,5.253382851227114,5.4948861543313345,7.401837742938161,7.946909115982563,9.569356940942091,11.01781516500922,12.357422293194993,13.33157617259429,15.702331891711752,17.84272460595631,18.259239872939975,19.61565709980145,20.31237860960246,22.984578837789744,24.47920226484536
0.5633027330448372,0.997620515693907,0.9157327421532908,2.8069294754149756,2.9043827504137143,4.473262842847167,5.356351846323917,6.465583694845707,7.137433834213294,9.289835247988073,10.963216784197737,12.147007786504245,13.245866028650047,15.824313107556106,17.07277727387278,17.951202371291046,19.653011814667902,20.64896021606275,23.18330188138267,24.5670536522954
0.40476290283572214,0.4228324872242761,1.2753421398281144,2.06871245908867,3.91130046285473,4.793939236979072,4.974007269027369,7.9991456191007515,7.552609345312476,9.67330017771301,11.317922668078513,13.542266392274307,14.17973166365934,14.856532945539785,16.369573860582165,17.26319283619855,19.656532286665907,20.65881633415739,22.762247293700103,24.098065744034425
0.7717795800742505,0.3043645722347702,1.5370366740299495,2.0920472837470334,3.5513997083253566,4.009389755406651,5.377364207743166,6.712255615787225,8.168533631999342,9.222104482724086,11.003860023303732,12.6171938949351,14.234146970836449,14.723792974144606,17.080349014645712,18.53981178219896,19.192738914247535,21.54549420725836,23.43056949739775,24.249291860314994
0.5102223181301253,0.6978481865351993,0.8229501142743304,2.222001913439407,3.2906629228535826,4.00991827364909,5.27038210062173,6.924451782876504,8.64703975859998,9.589560224762456,10.38507201126139,11.603284343622665,13.88129345286997,16.07890276839924,17.562827790018485,17.098161229047495,20.25661419240615,21.19726868827938,22.316230869253683,25.082574776493495
0.10878100216542477,0.6562920017554061,1.1956148853721063,2.540184797417368,2.702606460690656,4.839193498689692,5.622717900202222,6.344049585569359,8.218108191394787,9.13199303422762,10.668760410383891,12.126929880814888,13.116149507234717,15.791178141039374,16.45689748195765,18.2443203174186,19.712546759105347,20.60565671312752,22.45322530827031,24.394976525698873
0.48045248968962795,0.1794716525182496,1.743969476829297,1.2568822066248786,3.144766598072837,4.345376309911145,6.1050987986055345,6.231227548096276,8.790050231930561,9.714639770793262,11.013938476046649,12.145645804362726,14.047412865598439,15.551940530130185,15.91915914929531,17.408080886680036,20.828368421559325,19.95778758045987,22.160896832753377,24.581779207646882
0.4983311502611586,0.9307876060228741,1.3170790109023147,2.86036792342013,3.8222525214157566,3.9550801051419953,5.428320264482222,7.44914506775802,8.509264612828215,9.109009179280191,10.467796026456686,12.342076967022603,14.35510178966943,16.02688671019293,17.018817323557915,17.42027541764517,18.848352774551852,21.163569510251527,22.970333705415783,24.944294635251353
0.04983056859667123,0.08294522618515376,2.0494468236016714,1.9470114421452824,3.715165813174275,5.138389079048546,5.334718806176397,6.5510765860225435,7.480963233996429,9.54320635730152,10.200587273039774,12.015006836922101,12.742356791586552,14.666912561278513,16.552058951262985,17.549205734377434,19.436935886204903,20.880578468582545,22.94947141498493,24.956408385450235
0.30467059158647036,1.0322965254759167,1.4797331494388226,2.218786516844611,2.823153405773802,4.105059027322519,5.6808722320221285,7.028618059677681,8.22589043460309,9.010265958203005,11.186462888743263,12.61061828190141,13.746638848599702,15.345716963565847,16.681644329056958,18.002303779559128,19.826620202726005,21.092378902470188,22.711056108040626,24.708662427967514
0.7734698283108341,0.5462631932037081,0.6539489432084785,1.5777089539399929,2.6219469715491157,4.745418392403759,5.272704149836942,7.3208596610798375,7.871250161442019,9.177642710224434,11.101611182512958,12.116861765946505,13.596170024925636,13.961102182879628,16.95502590694525,19.063790910284155,19.83262396028709,21.53582803811653,22.280154551815066,23.81017491055077
0.298557234929573,1.6554220616656448,1.329008567420725,3.353401617092759,3.723268577053549,4.705338929631517,5.622275807400908,6.79298956689467,8.03052002772078,9.259594890781207,10.236645700414595,11.995020029390782,13.616336911842287,14.896024521914878,16.29708490128257,18.918166439397517,19.515720701957516,21.505098964860025,22.633392060512,24.110836593079004
0.027830407928368717,1.397944315696885,0.9742863660124179,1.884544913341936,2.4741831779537065,4.386963188426602,4.812290064864441,6.72543690582753,6.74201400927187,8.72066038999433,10.470746225098894,12.633262483786073,13.36680254322565,15.413744707365275,16.62716060392418,17.813249623615484,19.247963016103434,21.09842314206047,22.458476684591982,24.814110599481637
1.1266808314407424,0.25619553516047827,1.0292883577585725,3.2716036396543267,3.019986890033141,4.488942317381235,4.814402342143123,6.8848072138332705,8.091664107558168,9.266717753760606,10.608949209769042,12.201416882756638,13.355139908366679,15.971230603089289,16.653074678805435,17.60528642247955,19.861923393217594,20.763680273087722,22.17310204389517,23.702713786367127
1.0150369743891412,0.3685371203608273,1.5643881486276998,2.2129240673916697,4.160570077546979,4.0634785810738485,5.890920571987781,6.912154621403688,7.245527574381682,9.859979815764497,10.276450013759732,12.306182409224856,12.45906962593016,14.069860638807286,16.2517852402775,17.69281055148007,18.76744221553574,21.125673159932234,23.516304565874353,25.465847499190367
1.0226063213454877,0.038033650410738695,0.4613286638416103,1.7389996830164018,3.2091046715807314,4.914921407088466,5.012827547022871,6.412906608795682,8.07761082248016,9.103722639754965,11.17319059237662,12.70206155224159,14.093445305244002,14.603519700534857,16.415964087621248,19.44024047756365,19.84748886149812,20.448923214950796,22.10246142245775,24.76057940381861
0.750702280435785,1.0971198665413229,1.9731291171915326,1.6434080195994691,3.4987725732484103,4.58394547793657,5.211490873956348,6.01419393365345,8.228661072414502,9.418037394790566,10.443067504525782,12.292389632259964,13.140102382664413,15.673526138702952,17.232078073739036,17.556296457993213,19.859852588755235,20.247028369636343,23.198252534141965,24.78088082150667
0.4210519158762579,0.7085069940002071,0.85315012012542,2.1565280952560264,2.888344455022813,4.331789994399632,5.580060221633423,6.640484864406833,7.797128387284304,9.303260702306359,10.300672534829992,12.703295912554347,13.824288412177225,14.54361540280984,16.649620935837344,18.049307688618335,18.980845105976105,20.801976218666947,21.760983313455448,23.659110511453537
0.4175510560463935,0.26808171673813574,0.8065011529562061,2.266810738056187,2.738649458044259,3.7686246997828836,5.067565466941918,6.559248903984333,6.710210138577377,8.995209868947999,10.751434569822344,12.727088444859643,13.23033342757785,15.207923005285746,16.986301264369956,17.372030471106836,19.299813619628164,20.87774941557098,22.28649675738627,23.942735762591248
0.3860763576127607,0.954574062760834,0.930960635044383,1.5455894349332375,3.595075702984826,4.0718310432818345,5.6639818511787015,7.1923544326457325,7.880106522113506,9.518598167607035,11.454989084554523,11.389069492891348,13.873108495935112,15.599627923873582,16.33364994204668,18.254605645825944,19.73504616262763,21.616196386052884,22.008233982602885,24.291632510420403
0.12260605541085517,0.9408751218293554,1.0534583853419062,1.9984653531076053,2.633328032514947,4.124591984895558,5.847411328276324,7.524600770792783,7.755042342731399,9.30983668291267,10.640948539467368,12.301473331346996,13.196255759246704,14.556821169459475,16.640447936607455,17.247482875325158,19.669436053656085,21.14621536211288,23.13072926515884,23.803042751867032
0.4746603873198242,0.437340027081817,0.8720927064604871,1.9895358332677917,3.2109998329039846,4.3447250635390136,4.81976380816665,6.62215828157157,7.579982155439847,9.366087741261413,11.382605815960037,12.122578635330115,13.296952732727073,14.334783398941568,17.095900014891864,17.562186947100926,18.971260554488186,20.804531873480578,22.68294579377449,23.827235748846746
0.2723049324076264,0.03867320372465599,1.6644778800402595,2.07334289298711,2.6704764341712743,4.303041660435921,5.7576248368171905,6.9379743698803455,8.341685061476406,8.26527115820633,10.287859037337341,12.413750815633055,13.94658660668988,15.414517773779684,16.61439084188965,17.93948397558746,19.32156950034585,21.381591549164103,22.4935092800505,24.294346592460283
0.24145742268715784,0.8374424119580068,0.5204619850723026,2.5771430121862644,2.8236323303166873,3.684033977208484,6.087450530418084,5.9156333083925645,7.961672993786302,9.886474147494601,11.465485992365055,12.970081544307764,13.37351961981148,15.1392799912386,16.584590957530228,18.73187315587442,19.272731720182097,20.373651494395737,22.387920023228038,23.89382335361374
0.23178450796786582,0.2514315273729219,0.7979734658275223,1.9807136533249678,2.695260827984368,4.859828084334194,5.803160777916677,6.595144132759041,7.8466364237987385,8.108493066399749,11.915444732304877,11.399068779446818,14.510896102058823,14.573729231452566,16.640186642577255,18.271128522374397,19.79697427685291,21.12651074610706,23.433028417691425,23.668941866952753
0.23149416005101187,0.18792817744999324,1.4650079990268912,3.4718120263030343,3.034237390796249,4.0837355471001775,5.381896651581192,7.18466349667439,8.364499277424473,9.833123588538976,11.095740683737485,11.934685757360267,13.998367949017124,15.053172414453122,17.626905932365442,17.709421791212126,18.73670078949912,21.041189929845387,22.474559217353317,24.5868222977237
0.3021905817694428,1.1884082990283702,1.3935289842609397,3.082403635559722,3.2996857362672327,3.4935992404572485,5.203168535124799,6.534633384679726,7.308368652251712,9.03165622747076,11.481490062071728,12.523703573430916,14.392242630257488,15.144199827374557,16.494229455478923,18.14792018386661,19.25560431654885,21.113579977767174,23.29004913247608,23.091202046273686
0.2053922050886464,1.3051361912262218,1.3960934738501178,3.0720271020714756,3.4345018835736862,4.579011888579938,5.11100683593781,6.45074481638669,8.456517907887953,8.749482329521284,11.092280715832459,11.863337229304035,13.797146251611391,15.375207818778287,17.121565141465055,17.351034526876173,19.56310990591886,20.239716975140038,22.61778773459245,23.017426046293377
0.17065040583930052,1.678793668861099,0.6169131852748979,2.811811768567069,2.6988904535165723,4.619595442026568,4.541187543438304,7.301989227045252,7.455526340254842,9.064327613348462,11.252397134796526,12.647880123988998,14.34632716094932,15.124708762314727,17.062183592120412,17.744292731105965,20.178391237494374,21.59032750083467,23.26356876684418,24.383840477108908
0.5022569627573249,0.08300616906443081,0.6443517734067173,2.1777977330065292,3.4497361703802047,4.499016634925549,4.959836073699664,7.246652897383314,7.765198251807749,9.283693798662268,11.41469940508239,12.021720737250066,13.809647755338517,15.393956517727945,17.161053340146427,17.891535122216524,19.243264229323252,21.552228224794657,22.331449469681765,24.61794145637816
1.1090942759045888,1.2431865019721122,1.7876648861590043,1.685237506806315,2.515169539888408,3.8684579643246697,5.805316724395123,5.7564106307110166,8.034499974652977,9.242050112086076,10.638951110076848,11.897783156831794,13.718465384958641,15.436710485398578,17.23826044396461,18.369304629343475,19.739144641742918,21.465760039884966,23.16648461118467,23.67705694389316
0.678231412152048,0.9820430194125689,1.366813825770569,1.5544485459783364,3.6475674827529136,3.215059168671636,5.26547471630234,6.403846285783059,7.782432022183349,8.13130917153125,10.989982901700452,11.558461840424066,14.124864584749178,15.031409468117804,15.712967783901064,18.239856797407082,19.63565638770299,21.374891631325564,22.71746932530004,24.013390548969706
0.7959300231631771,0.9939891076524234,1.563625471309517,2.3769271882566274,3.355922879137651,4.487125625643106,5.746290213717427,7.073886739618297,7.170498318026589,8.756330894198893,11.716373921885413,11.6640113203507,13.50889031924993,15.257819355749213,16.92488815446595,18.05002991508696,18.50497192532117,20.48292548746486,22.39475002233163,24.371977068115942
0.5789807053240779,0.45988491219175603,1.371108253008739,3.1183703566136565,3.4370654039796054,4.308886095206014,5.744038816513136,6.077473951070117,8.389041629756631,8.463955586729645,11.43711536578986,11.930281677628733,13.521637242955217,15.499387541594752,17.011644364410195,18.26277209895243,19.337180752758112,21.289743828466275,22.968851742417343,25.29334083762362
0.2666519699717317,1.0734333635734,1.5135170937145357,2.990083148101148,3.771136207201313,3.707701425634883,5.566974866439319,6.964710619937128,8.128585719735293,8.875658369483867,11.617987703299177,11.97433909611364,13.334517721624842,15.569157531389358,16.599863879681802,19.14227593909123,19.860854793436165,21.35486717583789,22.75815182336069,23.091732372004024
0.18336854320400187,0.30143110355953884,1.2925928919256524,2.8122896470328613,3.1091979416483784,4.900088498002137,5.487390821701136,6.859490342264974,8.066496535896002,9.079414091230834,9.852333017409622,12.034757400707619,13.363190523632182,15.46420541223294,15.840052359585458,17.18950573043604,19.296366246926876,20.64353820105722,22.68662307645022,23.65654964436019
0.06060182583111301,1.252184316063293,1.069404937703783,2.6844906088837797,4.059887426250183,4.289294600225626,5.654418113539091,5.858014626267634,8.50153547939079,9.061392793821176,10.532308295058334,11.457976036265928,13.699133895088593,15.415286165132054,16.88899552946614,18.080021550887533,19.693487952183528,21.15002228985035,22.09306613563371,23.870746098498255
0.15555533746706696,1.31319906430098,1.5221417572376992,2.4759850072207272,2.898186403650983,3.2592513758553445,4.407646368025986,6.670759894391367,8.506189873114574,9.006188464692595,11.458353767453762,12.457079033116928,14.036584579535278,15.382072299159196,17.578888501626476,16.76951375564707,19.893432971497568,21.15490073310825,22.558757959843938,23.940292353006377
0.03106897306352352,1.5189614401526046,1.4540404553068769,2.5476027649452955,2.7588002314683404,4.962847652042229,5.927657101912348,7.1019573044143485,8.181529986400475,8.911343837193371,10.222847784449462,12.53000573916605,14.090163957035667,15.666326827817935,16.726543276196843,18.3130357329691,18.96538413089111,20.713683239808155,22.082451342935414,24.220325135983522
0.67523680203391,0.7327198643077193,1.768060926400676,1.941966473276806,2.659244383965277,3.321255728498363,5.845181967905808,6.510839507666524,6.96590044553661,9.164619121606709,10.748738198802283,12.315041876035286,13.343844080045162,14.946677195282794,17.152884238693897,17.25682930406776,18.926290612700363,21.65953351779767,22.262680013085784,24.960488751232525
0.4109195598254093,0.49394237492553467,1.0896062011323573,2.216657886892025,3.188389729964388,4.548172995913375,5.386399253079976,6.651257042666115,7.792825693596853,10.570755163763247,11.575263115508307,12.090189920243432,12.355922735682618,14.517030377252848,16.3853183394247,17.491286997960174,19.433795844723427,21.88403216316201,22.646536159653518,23.74818176874948
0.2919221456648978,1.0988926985409972,0.4415746681808337,2.5333140398587926,2.4847473126491493,4.016442640183132,5.9628867401226024,6.053751354521514,8.328102789245136,9.28324911737092,10.867355137935299,13.41890997275902,13.429491520151378,14.82099681289646,16.33257989556379,18.631840261982433,19.966566807447183,20.861795507101597,22.79763411305342,23.518768642696575
0.48686081141454984,0.31279002634138586,1.0800569756260476,1.4370431518427864,3.5550271472206205,3.771147118991427,5.16741231472735,6.072541439750575,7.679475267813883,9.51632012657118,11.167453649787754,13.295274612270603,13.382884781297374,15.275299108834028,16.31929873851131,18.588955610347952,19.559360925768857,21.083728360612284,22.83866829540619,24.32056538777135
0.8092476482193861,0.17626887955547343,1.4116916738789194,2.0892119803366738,3.867758806891952,4.5464953699623445,5.736855133541516,6.121964244106332,7.804753902317365,8.39877783349826,10.14993713808944,12.668115165811315,13.91349445489284,15.30493640844913,16.337745486580143,18.67240525074524,20.037052906649123,20.90234960276704,23.260737005131936,24.134936947871036
0.16565318291118486,0.6782941168062395,0.14216578805668334,2.1855402333039007,4.00052844766908,5.106170571030447,5.472736771997691,6.042431593695946,8.122420417920688,9.652945615171733,10.661912040513785,11.89021721240557,13.124564106759507,15.074735227365665,17.100357829967834,18.80366193375632,20.566007384317526,19.87058069895085,22.353385051533053,23.546725249618973
0.05265869207175028,0.9835270077310414,1.4054741116626575,2.587929142850376,2.90607440789866,3.400398648495794,5.517430354233638,5.4394794406533835,8.487501415855384,9.073750606457628,10.277787369671255,12.266773177552048,14.187693346758191,15.659769662922425,16.511996070385518,18.349972924667565,19.97809231113672,20.56794063180632,23.548124131640748,24.150305945142218
0.5415971722756883,0.9613631128877511,1.334430410666888,3.1703410183213254,3.4712234212148845,4.781809179318612,5.1663455056330205,5.932610174537675,7.943838406383528,10.020134536893586,10.8501741686292,11.249475700175783,13.98618712006333,15.28525210457108,16.73078555891288,18.33978085352653,20.23608169740303,20.7712727939079,22.29570821364085,24.326242389941285
0.3813247922681755,0.057286355375314346,1.3181759693530055,1.980882699282528,3.444981323365086,3.8758288796256353,5.889481889731265,7.21994308801226,8.084721068609745,9.417439673999457,10.867936931207987,12.194721958976071,14.097206275337317,14.873488676884536,16.331492226044382,18.15655574301142,19.055260835098355,20.652427391411035,22.067007990364115,24.415653461013196
0.559731206883386,0.04873526049579069,1.0448903600136692,1.567464516792104,3.098916653033266,3.910544871194632,6.1359502644511394,6.644223049954966,8.04758483425655,10.190827546800087,10.461301070030032,12.069773648726082,13.532012028220153,15.490264320888473,16.86350693708179,18.813824760269114,19.337291315470207,21.666439524221907,21.92644804895904,24.081798689963318
0.7373969927194519,0.1395075778212962,1.3685683118306518,1.371284488339329,2.646864768276149,4.629802919040436,6.178553402572595,6.843563722052825,7.1906038931840275,8.599195031301173,10.845395557950559,12.45383882176776,12.96900863761668,15.046648784556192,16.111586837247767,17.399939117003743,19.642383118428473,21.48582280461782,23.061315974523424,24.469076987281063
0.20129434223470344,0.8239469724592972,1.6981825757343572,1.479230497193539,3.8088337452634833,4.5944757821890585,5.74110541051559,6.673199798005973,8.037670067337533,9.173724109965633,10.754032276715177,12.011304824866665,13.329496021127904,15.306954122268,16.754686132673577,19.003248328347,20.171250686242804,20.406259799556594,22.400142218441715,23.254022311835797
0.11146996025995454,0.48434152532934155,1.6425270577646414,2.3126583233681335,2.2502439780484798,3.758543725435318,5.855138011229715,6.361134172424982,6.508597500214677,8.961004684983422,10.136225261759144,12.103122976494884,13.184003732993057,14.601594872613735,17.506935763159692,18.722339908370476,19.693745429009187,20.567274318839868,22.139892950579984,24.077967663533887
0.6605590996064445,0.9967348388939541,1.559462460687035,1.4116225074512148,4.131383644097044,4.843810960498538,5.102695790951385,7.25439619153662,8.549103223839202,9.52133127413723,10.358948194748871,11.44117165183585,13.45562018260639,15.080639350057838,15.225936164083949,17.30326047119771,19.52487369362983,20.75901252584468,23.097339975445728,23.611958340425005
0.7254684500277027,0.7800344843614435,1.1271730834935798,2.6735963028556466,3.388674802099378,3.610156680521336,5.20474103297899,6.938337694116935,8.173217649094196,9.277929303573762,10.181293041440465,11.911345231090499,13.311591228878786,15.210863729229034,17.46055713636623,17.990062335267904,20.616660248406703,19.954436610014373,22.329125655158315,24.254551865079943
0.2155808043145902,0.6959017710047117,1.0134203819563956,2.3183826738071307,3.465299145460013,3.7478632017920015,6.483074705027695,5.9274091928701065,7.388573173669698,9.696049478845643,11.01267671254766,12.041758750158571,14.170301670989522,14.893981237256822,15.653945227036065,18.99762436915698,19.223828211125344,21.813574198007082,22.457766394992213,25.019049838048176
0.56372469432359,1.0373224512971309,1.3592079325307285,2.4046818507229433,3.173954637179606,4.407818969528812,6.8578019327475594,4.408001466157233,8.484705083914847,8.925944592607447,9.91511073119839,11.243810519865042,13.443917597499677,15.298914333404419,17.638821231520513,18.51694203174265,19.64132168263931,22.339770126953137,23.542395198788007,22.934647725989166
1.23404385104465,0.6222604409568558,1.2541723972552892,2.376016466036167,3.648988071950039,4.435924330778105,4.893654311064931,8.242349398257703,7.73527703864179,9.449058289601496,10.622442735296646,12.384060207023088,14.126244036162653,15.789738755934696,16.53514360522582,19.031726846218415,19.737917404038335,21.232175497578343,22.407134445489397,24.164466598979047
0.7688072795059067,0.7274610997599492,2.0548734443149135,2.6287666868241684,2.693425537822045,3.4715656823132157,5.212595419189142,6.170014852897546,7.419199870250385,9.17250183958411,10.459289139442566,11.973443314778434,13.433981734423382,14.856895573726556,17.357971436149917,18.116933032220523,19.260161118363687,21.668037517170497,21.5578557450023,23.501584387503332
1.307974031146672,0.18861243013328788,1.8911842888400487,1.3848873330251608,3.6852032894706177,4.586310790145016,5.35566350819113,6.709583111572356,6.988699477955011,9.100368073330154,11.413243114538131,11.946492498750525,13.925990126219265,15.057156516510261,15.826165347539266,18.38030486296001,19.63330624608609,20.84123471924084,22.77589539063067,24.476701279765788
0.048392360116633615,1.2302720956476023,1.9417760622976874,2.492141691720228,2.8125749576561665,4.6879574485130595,5.687618223866096,6.6324963068750105,7.816712464549136,10.28711046953487,11.286568765981855,12.463116839093802,14.01142120996688,15.082937394743713,15.679262010157036,17.805233584652758,19.79348305106807,21.119758139852706,23.65658509910208,24.16160991067466
0.13590330264803135,1.2689406007262218,0.4998110717175801,2.115620534226153,3.382423632328765,3.9319938693114245,5.253976296289539,6.905638813103371,8.09853011160049,7.746789138481725,10.719012615347662,11.62894127724836,14.076478337398838,15.406083027544806,16.460660861103975,18.64620181013943,19.028303147341298,20.460504683332736,23.04516543360541,24.32882499624286
0.277517173376469,1.1735264009474287,1.1580778266677834,2.673326079795025,3.247360234127551,3.879600487505215,5.794136901109105,6.474321434612356,7.2752651503357555,9.629103431085717,10.580570609633995,11.64742081550334,13.512893780734972,15.285747115457223,15.784112405604013,17.66652882129061,19.255518806470686,21.129126570277478,22.575839380944288,24.566079343714065
0.3819305026240055,1.0032443263487862,1.1930180917809472,2.957879453727337,3.3692184278438853,4.174202744886821,4.672959089859545,5.922706731930583,7.539494363219854,9.734341065544179,11.780183055910408,11.812106412796508,13.593062987226473,15.580077339969018,16.7380402299611,18.360815257436183,19.72815880446632,20.998357835115243,22.730812631377773,24.163828070806534
0.33376054495517615,1.1128115419205473,0.27767774739767614,2.460746955622589,3.664568017726971,5.008442383257486,5.862453597703364,6.390344716239642,7.797482673439077,9.19539412405807,10.661175197328049,12.079745602724469,13.644139861819824,14.35154373007368,16.852269766622808,17.12744869669975,19.83918821115815,21.544508382052665,22.44299244456608,24.04869809530459
0.009147545748576458,1.0756847199772936,1.0061310321437005,2.868812938250164,3.4415357211382434,4.7878346541483445,5.336889954147478,6.584444824408533,7.692858788160997,9.465235108611914,10.422238203176256,12.932630422167824,14.018150840490096,15.70735352875857,17.21439474013855,18.579717007168668,20.031012396239408,20.942637976820336,22.84988980656186,24.890961469523422
0.4697339365879788,0.35570480669218785,1.2962118930121995,1.7616032139789728,2.0484284624246727,4.187907973766239,4.905355854064996,6.65115448998794,8.691139579089175,9.081500566182235,10.489375444143626,11.68466996053324,13.613552683569832,15.171655648567578,16.448382056502634,17.534323252716355,19.6017632058733,20.678375505273937,23.701709658560503,25.116653510397924
0.39944377485569066,0.6606045050929331,0.925021654632121,1.527837924217426,3.4774090020330024,4.286273385408682,5.5264290321931275,7.0099812835148505,7.55893679890022,9.747152061476818,10.932894958272895,12.191317713239249,14.15395998890325,15.475377680026854,16.916586430405257,18.35223810294422,19.551142023812808,20.151068963030287,22.970324879184773,24.00678960979972
0.18869770734910873,0.3875194487584408,1.8594329098572313,2.6233863794865244,3.7411184697948943,4.622782342090826,6.009887116910089,7.092481061472599,8.25632273739027,8.941629009665046,10.578026984322767,12.475608217053738,14.596434956971258,15.810491611378447,15.948110897123135,18.09871169684357,20.356451360332745,21.446749668629565,22.886801707076813,24.79495474808867
0.4634790810514374,0.4204870568279052,1.1156574362507736,2.815966591633779,2.956285617878614,4.454389855080154,5.690785201152235,6.937760717753484,8.470697975388388,9.345589663066523,9.908801906253624,11.264067823463861,12.613179218206827,14.926871245108094,15.839696978384621,19.258016618521793,19.860391082290718,20.35198551202704,22.754427745730542,23.81851392066799
0.48278352941534153,0.7942896584899342,0.5435552097102834,1.829006499051243,2.3757613014227434,3.801543049824624,4.6992681216283145,7.109448769447671,7.313621391198556,9.328383289641376,10.05385299459187,11.797422122760166,12.919964760165513,15.165050416194456,15.909439474468442,18.513383665372107,20.3608672346515,21.05316640545445,23.269149579922534,25.055384941060574
0.2031035944259053,1.2539755745065406,1.3499475076922474,2.343320471963352,3.5283648233075318,4.294179798218848,5.833147578972549,6.923773258928376,8.443643771102522,9.882380222189987,10.07488338262388,12.27454683393689,13.517490996394962,14.82362317310475,17.203829497647767,17.077481768880002,19.97277783129543,20.48480180386211,22.98247215668493,24.073178426315927
0.7757638127486063,0.4570877436941197,1.7407597850689456,1.1661567950754552,2.720696534584164,3.689965157782989,5.564034763941686,7.084724954686721,7.917333353308198,9.616544403004008,10.10410346564521,11.685407975938702,13.980907206895365,14.830997373521944,17.248662709284936,17.80996823925075,19.13900375994314,21.73827326233207,23.185005955736717,24.298660180078183
0.2448071317919502,0.9438768133159666,0.9710551518927906,3.06013688474773,2.8696458149155446,4.55767050773635,6.044942547094892,7.739405915804351,8.703829021460148,8.517191494973371,10.209819542662611,12.320461382380515,13.874751897218411,15.300279017332892,16.439873643848788,18.56214389288948,20.14218987134814,21.029517616015912,22.96123567339375,24.112445157383025
0.39482042456150723,0.4317229823895352,1.1491861635112632,2.176177669231751,2.9380096181980826,4.704630829869321,5.5968255565920355,6.92405651604172,7.936489424922457,9.575679894767676,11.097369112462939,12.00282696356939,12.790361744732456,14.228257113877959,16.57457573691436,18.110004814140794,19.663576940177254,20.6667361101318,21.83343287076306,23.529956125314364
0.2521902409234634,1.2229512664779059,0.36188530914632566,2.05390460980287,3.080973400736232,4.109721774592482,5.2700212756246305,6.610074576868889,7.661212338041883,9.65505437445762,11.398081847904391,11.45236935101292,13.756581451331057,15.155328548445885,17.066645153373454,18.179482810072322,19.498588484910805,20.959653297086128,23.011808917029892,23.800773599086067
0.3715559028645138,2.0008251044321175,1.331886542728877,1.9220800182719433,3.4096056683553586,4.2396582414078745,3.7411457775940944,7.432996983644187,7.968222372400491,8.948411437216606,10.290032887464527,12.202428007440629,13.784355344290038,15.023662514426126,16.22517369605704,17.692533534113224,19.236549296731347,21.39831701737204,21.744975394966858,24.30484989810553
0.06864937564253454,1.0752005518557726,1.696518005516324,2.422025404162574,2.8685540395709777,4.50241414129638,5.971525273521826,6.042472482928317,7.48331124311436,10.309285814102026,9.951561652412622,12.917023059235472,14.548752139997303,15.26737059361656,17.323737174996207,17.666227772482568,19.693401834639662,22.342262024989793,22.925973019679148,23.541344369644364
0.23887171754617686,0.32719742219102027,0.5771866030795709,1.2256875403230107,2.7028881401888434,3.7563275185548144,5.200009785781412,6.404784817629318,7.948567424724599,9.278753239037147,10.245096768415799,12.119192717663696,13.714967987623101,15.171858328763559,16.801940212700515,18.039124805883986,19.47383986960067,21.14434245858648,22.35946418515291,23.88914643076687
0.018178469448462964,0.5343352301066712,1.37978421167282,1.733917618917883,3.753063954341214,4.761846323403642,5.180286340413867,6.259897241860868,8.795691424507364,9.60259559156903,10.717967124934212,11.641660095059922,12.874955509494947,15.143111402709804,17.176770331054758,17.372281216051867,19.141787726379274,20.844948335223258,21.785028421914053,23.946875723436982
0.1356809628074439,0.38847150698938804,1.6727800205946597,2.3127974700792464,3.834932816722854,3.92831738516324,5.469719754058914,5.831729243612952,7.524206659624962,9.53608116515003,10.88043489550162,11.869139787723503,13.929373679536118,15.239781780478195,17.197335066761465,18.019460035615694,19.336722472354516,21.864288631709293,23.165074149390954,24.345458926968654
1.2329543772671876,0.5484327917742992,0.5961017472716812,1.8734920427554718,3.520528691971988,4.941468333104604,5.257594845963789,6.713352135083593,7.378908284402254,9.718552789894355,11.2550835119355,12.675399541674919,13.801541255445349,15.055013154792261,16.605736621487544,17.4071040734295,19.17234808590855,20.605542359514015,23.34587224040431,24.785469893646166
1.2527998507179403,0.874027436518829,1.8532256119520976,1.4263869325262593,3.622293508676722,3.6563089155195603,4.641470494637809,6.315248519491415,7.398089052635195,9.646411822119845,10.73082384942764,11.976146958697724,13.730058535753358,15.24467573088078,16.86895034798506,18.197116297494514,19.580023345060116,21.2301844202736,22.09991814353496,24.624505627012333
0.4471600947918045,0.8086531831566378,1.062493044181659,1.9219008876411063,3.397227983829802,3.3506909422434736,5.525528162807724,7.111963374866891,8.141581855576458,9.082473225482692,11.19682434615891,11.970439335068907,14.20793241159608,15.366359137568763,16.943312230785455,17.226949097844024,19.38875267091294,21.183632554125555,22.27166793153459,24.424542084718336
0.40381168596747186,0.7985149371367928,0.6019016016540164,2.39519227194712,3.087667591436924,4.968873435685163,6.274175824032073,6.540101985214821,8.372671737044902,9.447112302572641,10.197557921343021,12.029703478155584,13.177416445710081,15.24121101256569,16.105150296676907,17.491989497936125,19.9663063742018,21.890046396630723,22.158154333722766,24.635708939327603
0.5100100380037232,0.7909727551482981,2.4829417903026085,1.8779080319933528,3.285274603849939,3.7869688125568124,5.7433177868345675,6.349606940771559,7.969087226693413,9.439243708586805,11.876277471923663,12.209001964940287,13.578709324398078,14.54530318225249,16.5648113688338,17.69277586143459,19.760642425677265,20.667233337638,22.231969858162,24.40002263018074
0.27543025821348255,1.1727759605420274,1.6685111371962222,1.145831138669567,3.123170185902099,4.082116197195619,5.905829823822159,6.330262899423076,8.663038765635173,9.437269193889652,10.93835194457179,11.24723692212856,13.701251504627722,14.693302019475391,16.798137705542313,19.24701104379043,19.404726424564316,21.033569020871987,22.537578892731187,23.96457099333246
0.5525074422659594,0.6792320591996996,1.688521766462871,2.8165293474589337,2.7009619162357623,4.234914257814639,5.441349395007858,6.393608380913247,8.101465468392286,9.723037941260403,10.621790047905773,12.624992049369729,13.121849801920762,15.16903974567143,17.613083303258705,17.625867598566973,19.71233580556882,20.700312524067844,22.355743527334543,23.371600361985514
0.029265876283815717,0.9306648348745981,1.1146033370302175,1.895873529679347,3.854359098850632,3.2483516424438768,5.79939673664321,6.189034684537436,7.311476533651732,9.066910786914743,10.470382570856003,12.369019710859343,13.803778942489187,15.47667606419104,16.109119876190157,18.21622716823628,19.306993303445363,20.584400699826904,21.958657990108048,23.719372492145165
0.5965291553363802,0.6782179880565974,1.6291726522399597,2.5619464395495473,2.990805518127801,3.7624961455755717,4.630329094911833,7.322930969243924,8.214415645732446,9.775294351008146,10.391576941832845,12.415518125669124,13.707127568579486,14.127311602851453,17.093379231936385,18.048104948350808,19.958759630329013,21.039067458045178,23.421069790848662,23.73121329377528
