x1,x2,x3,x4,x5,x6,x7,x8,x9,x10,x11,x12,x13,x14,x15,x16,x17,x18,x19,x20,x21,x22,x23,x24,x25,x26,x27,x28,x29,x30,x31,x32,x33,x34,x35,x36,x37,x38,x39,x40,x41,x42,x43,x44,x45,x46,x47,x48,x49,x50,x51,x52,x53,x54,x55,x56,x57,x58,x59,x60,x61,x62,x63,x64,x65,x66,x67,x68,x69,x70,x71,x72,x73,x74,x75,x76,x77,x78,x79,x80,x81,x82,x83,x84,x85,x86,x87,x88,x89,x90,x91,x92,x93,x94,x95,x96,x97,x98,x99,x100,x101
1.163005280381003,1.0561664355321816,0.5874607047784325,0.34318639974116383,0.20572476719730484,0.12536581011718478,0.07728531823244081,0.048060261336044914,0.03009078590703435,0.018944315281476432,0.011981688678773408,0.007607616888775651,0.004846610785159739,0.0030967297707609484,0.0019837951850367585,0.0012737913117351284,0.0008196109138415678,0.0005283736937901606,0.0003412143041510281,0.00022070110875922302,0.00014296175452896566,9.273139978085426e-5,6.0226056219882586e-5,3.916123787661164e-5,2.5492380960904667e-5,1.661182488329585e-5,1.0835552113695154e-5,7.0743698184171925e-6,4.62280816958836e-6,3.0233305200659636e-6,1.9788318961853864e-6,1.2961611666635804e-6,8.496117809171852e-7,5.572873474354899e-7,3.657814796841649e-7,2.40234712007449e-7,1.5787370142192164e-7,1.0380852402024934e-7,6.829600764577244e-8,4.495595113481746e-8,2.9607360638802246e-8,1.9508523346937548e-8,1.2860366492141508e-8,8.4816239602791e-9,5.596213596521039e-9,3.693961811380151e-9,2.439309830125342e-9,1.6114316582399514e-9,1.0649308099493315e-9,7.040280445248489e-10,4.6559932928888067e-10,3.0802328485635677e-10,2.0384440216503115e-10,1.349439784175108e-10,8.936003891819501e-11,5.919215319358309e-11,3.9220388073109013e-11,2.599457806759457e-11,1.7233485950963064e-11,1.1428242872838222e-11,7.58050931275194e-12,5.029521565031342e-12,3.3378070256917982e-12,2.2156392660250577e-12,1.4710833994563363e-12,9.769519247912499e-13,6.489393306999854e-13,4.3114907047032313e-13,2.865106758552725e-13,1.9043281863058457e-13,1.2659837573679114e-13,8.417781069388119e-14,5.598196713823302e-14,3.723725647553044e-14,2.4773320305887474e-14,1.6484124180144773e-14,1.0970358438146197e-14,7.302091383497915e-15,4.8612001359538766e-15,3.236740439631694e-15,2.1554541033811036e-15,1.4356040348543382e-15,9.562997617325202e-16,6.371115265755649e-16,4.245193710338933e-16,2.829038377790731e-16,1.885550325476379e-16,1.256880841660646e-16,8.379257557971077e-17,5.586904305477209e-17,3.7255468241000224e-17,2.484624689824767e-17,1.657228731089065e-17,1.1054877675610726e-17,7.375207319514273e-18,4.920875000064777e-18,3.2836531429951734e-18,2.1913821615470986e-18,1.4625945838897478e-18,9.76278908216134e-19,3.258645400501585e-19
1.163005280382351,1.3135807725089033,0.8621090523109464,0.5881334965545257,0.40966925001257554,0.2892226492225703,0.20614992263748697,0.1480023073691297,0.10686152567784649,0.07751362953463886,0.05644188663621772,0.04123235856975627,0.030205916669354856,0.022182374834842315,0.016325305689796194,0.012037867844322212,0.00889176227089194,0.006578164696551973,0.004873484836030438,0.0036152676577811916,0.0026851111087076393,0.0019964839295383762,0.0014859928066843259,0.0011070940623329338,0.0008255478443835927,0.0006161206360544633,0.00046018597824451583,0.00034397398068627044,0.00025729105907158355,0.00019258151594335915,0.00014423831126917676,0.00010809592741760686,8.105659466902578e-5,6.0814383552152174e-5,4.5651249636278195e-5,3.428606808720399e-5,2.5762753821279197e-5,1.936725310625021e-5,1.4565890314573452e-5,1.0959530008504015e-5,8.2494652877409e-6,6.212010043643176e-6,4.679558366122225e-6,3.526453781370152e-6,2.6584389612932585e-6,2.0047730481993843e-6,1.5123380875038926e-6,1.1412297808488033e-6,8.614566853531525e-7,6.504677434357323e-7,4.912992263594504e-7,3.711851597764595e-7,2.8051476380331295e-7,2.1204985765742603e-7,1.6033712375161422e-7,1.2126650875412972e-7,9.173927770846517e-8,6.941838618936188e-8,5.254067892457942e-8,3.9775545518193286e-8,3.011849985880087e-8,2.281102422911205e-8,1.7280174115716876e-8,1.309305620216825e-8,9.922505162754525e-9,7.521195741502149e-9,5.702110827248862e-9,4.3238004362357175e-9,3.2792531158524027e-9,2.4874920591221274e-9,1.887227014048157e-9,1.4320577672154595e-9,1.0868490000379973e-9,8.249897374878237e-10,6.263210084065711e-10,4.755684036553734e-10,3.6115623488360835e-10,2.743101809472786e-10,2.083780841613733e-10,1.5831574873064293e-10,1.2029757190508866e-10,9.142163960914679e-11,6.948632236943199e-11,5.282100187400598e-11,4.0157787056117576e-11,3.053427536546876e-11,2.3219832292109904e-11,1.7659690724616064e-11,1.3432555079118375e-11,1.0218442002543115e-11,7.774281813748431e-12,5.915404741480673e-12,4.501490270834303e-12,3.425901963906277e-12,2.607590760068638e-12,1.984947246294525e-12,1.5111330552181839e-12,1.1505349939572356e-12,8.760715143138974e-13,6.671463531106736e-13,2.5404681643220453e-13
1.163005280382996,1.469156916833592,1.0480147834519404,0.7723752772864353,0.5794640015882836,0.43981868652199235,0.3366173286806387,0.2592650219731986,0.2006878424703483,0.15597876260696317,0.12164186265173824,0.09513746345071657,0.07459306049477146,0.058612018634077306,0.0461429768357532,0.03638851226940368,0.028740021217408335,0.022730565565487228,0.01800029222074256,0.014270805018666025,0.01132600343825743,0.008997649179912902,0.007154424618197938,0.005693592720117217,0.00453460954632316,0.00361421176176587,0.0028826246481083147,0.002300625498067345,0.0018372628293090872,0.0014680803420423201,0.001173730674332092,0.0009388911058039369,0.0007514138022345995,0.0006016586942296406,0.0004819688910032021,0.00038625756259047327,0.00030968215858774274,0.0002483871733779647,0.00019930079571086235,0.00015997397860921403,0.00012845294976998264,0.00010317811669152982,8.29038296774089e-5,6.66346453574888e-5,5.357465697761278e-5,4.308718222741918e-5,3.4662668501153096e-5,2.7893123213838277e-5,2.2451729502033128e-5,1.807658581303037e-5,1.4557727540977531e-5,1.172676250150142e-5,9.448589426859819e-6,7.614777489226309e-6,6.138271127033265e-6,4.949152898800285e-6,3.991251444260303e-6,3.219424828205698e-6,2.5973838929201407e-6,2.0959475848091718e-6,1.691643989302285e-6,1.3655881570877791e-6,1.1025816358488363e-6,8.903896562674115e-7,7.1916072913801e-7,5.809604448573962e-7,4.6939688743748335e-7,3.793195682892707e-7,3.0657737911329156e-7,2.478239387486742e-7,2.0036101071018992e-7,1.6201251162737378e-7,1.3102310772395198e-7,1.0597658010156697e-7,8.573008865681897e-8,6.936122558567471e-8,5.612536017202637e-8,4.542126670587691e-8,3.6763420887556126e-8,2.9759666145456444e-8,2.4093205193441244e-8,1.9508076188407196e-8,1.5797436876573535e-8,1.279411198215704e-8,1.0362965171433913e-8,8.394742255299241e-9,6.8011009578637065e-9,5.510597855058743e-9,4.465447583153417e-9,3.6189052561534156e-9,2.933151893395185e-9,2.377585916980599e-9,1.927442518656482e-9,1.56267780132393e-9,1.2670667790869255e-9,1.0274741391451502e-9,8.332645893797061e-10,6.758260043032459e-10,5.481837367668035e-10,4.4468862301363957e-10,1.803822831126983e-10
1.1630052803834494,1.5961951193647388,1.2103332197582377,0.9435046226809327,0.7468607952987787,0.5972006966929709,0.4810202817544102,0.38960145108470867,0.3169527914656082,0.2587828415872571,0.2119269678743915,0.17400098186548596,0.14317915932548603,0.11804549262922216,0.09749048953571378,0.08063756797871288,0.0667893778698181,0.055387936907233565,0.0459845772472258,0.038217002519658934,0.03179158678729476,0.026469594492031553,0.022056369901661932,0.01839279958435868,0.01534853091545555,0.012816558133707677,0.010708880906333672,0.008953009212053884,0.007489139697228681,0.006267867354928494,0.00524832582211564,0.00439667217831299,0.003684849592992579,0.003089574762617766,0.0025915077218292607,0.0021745699945733858,0.0018253836833690552,0.0015328093652041165,0.0012875648704055108,0.001081910390426108,0.0009093880688376759,0.0007646064135664543,0.0006430616338903624,0.0005409894367916769,0.0004552419797549829,0.0003831856241329987,0.00032261590568858663,0.0002716867703597523,0.00022885164052184313,0.00019281430117903495,0.00016248794395523077,0.00013696099339494637,0.00011546857613815322,9.736868827656279e-5,8.212227693486452e-5,6.92765849771038e-5,5.845121768034684e-5,4.9326481261199954e-5,4.163361859013826e-5,3.5146630058003646e-5,2.967541951626167e-5,2.5060048423592095e-5,2.1165917242129426e-5,1.7879723010678155e-5,1.5106066908997739e-5,1.2764606359969505e-5,1.0787663503752275e-5,9.118216290216946e-6,7.70821047414849e-6,6.517140844633787e-6,5.510858413273931e-6,4.660567303366121e-6,3.9419809503067685e-6,3.3346121312951146e-6,2.8211754518892404e-6,2.387084355769035e-6,2.0200276064377476e-6,1.7096126039956989e-6,1.4470649233968432e-6,1.2249751583816659e-6,1.0370855787135221e-6,8.781103027137894e-7,7.435836902199543e-7,6.297325024510608e-7,5.333680827241428e-7,4.517954059520104e-7,3.8273634388025926e-7,3.242649128625469e-7,2.747526236332094e-7,2.3282234942547522e-7,1.9730937825770853e-7,1.6722852536868524e-7,1.4174635852558204e-7,1.2015773772770714e-7,1.0186599617941829e-7,8.636619490536875e-8,7.323097230813851e-8,6.209858486835887e-8,5.266279829467773e-8,4.4664341657935e-8,1.894184094818915e-8
1.1630052803836886,1.6709777829312698,1.3101730883262483,1.0530533954978174,0.8581907611077983,0.7058321748531282,0.5843941273195815,0.48632003558860804,0.4063499394144713,0.3406606694651952,0.286386993089261,0.2413324600010186,0.20378395069475708,0.17238708797814117,0.14605941994640653,0.12392812131587994,0.10528420706017011,0.08954821167608491,0.07624403667107296,0.06497874487423656,0.05542676517724889,0.047317420623311,0.04042499525368707,0.03456076355897125,0.02956655294350049,0.025309514552262196,0.02167785420043615,0.01857733154304428,0.01592837781759294,0.0136637144220419,0.011726379023486947,0.010068084752110023,0.008647852724650818,0.007430869674773406,0.006387531581003431,0.005492641434237603,0.004724735090093781,0.0040655138161771135,0.003499365918896394,0.003012962896725001,0.00259491806290084,0.002235497623611949,0.0019263758747021776,0.0016604275611469385,0.001431551583453692,0.001234521180273315,0.0010648565004826474,0.000918716130060438,0.0007928046832291212,0.0006842940216595333,0.0005907560458142933,0.0005101053213801197,0.00044055007129977316,0.00038055028917707406,0.0003287819193511704,0.00028410620872063616,0.00024554347038367795,0.00021225061321189045,0.00018350188791291464,0.00015867238194530858,0.00013722386483380118,0.00011869264429002652,0.00010267914345145625,8.883895197102984e-5,7.687513979635865e-5,6.653165319745712e-5,5.758763878762017e-5,4.9852563562539425e-5,4.316201803334927e-5,3.737410576393073e-5,3.236633648053127e-5,2.8032951774226955e-5,2.428262254653951e-5,2.1036466005473034e-5,1.8226337436805275e-5,1.5793358313348626e-5,1.3686647744679104e-5,1.1862228926093029e-5,1.0282086232407114e-5,8.91335202868886e-6,7.727605204816137e-6,6.700265958949723e-6,5.810073520815176e-6,5.038635359466996e-6,4.370038018236271e-6,3.7905110904239702e-6,3.2881370263616375e-6,2.852600477380107e-6,2.4749717525041485e-6,2.1475197146420128e-6,1.8635500870336826e-6,1.6172656970103242e-6,1.403645662043033e-6,1.218340934609339e-6,1.0575839775293584e-6,9.1811064674878e-7,7.970926221517774e-7,6.920789540374412e-7,6.009454884617792e-7,5.218511036692256e-7,2.2659991771557044e-7
1.163005280383907,1.7453179515440216,1.412517616151172,1.168502400348654,0.9786517309591839,0.8264254970619915,0.7020758314688113,0.5991952725689478,0.5132799992266155,0.44101834446911065,0.3798957695225282,0.3279568784832011,0.28365297998011674,0.2457396846126579,0.21320545811114344,0.18522021693306215,0.1610973966645691,0.1402653661568263,0.12224549949245388,0.10663510014559474,0.09309393143070185,0.08133347323320224,0.07110827051827602,0.062208907785576494,0.0544562619080363,0.04769677027198601,0.04179851253869363,0.0366479496169349,0.03214719729601054,0.02821173760779676,0.024768490622046436,0.021754184556532313,0.019113973936095194,0.016800264877734443,0.014771713989699242,0.012992373301216794,0.011430958414548355,0.010060220930747764,0.008856409352549863,0.007798805243938504,0.006869323543973924,0.006052167684650835,0.005333531615022526,0.0047013420439800495,0.004145035222793358,0.003655363437106385,0.00322422709008644,0.0028445288578854153,0.0025100469066749206,0.002215324590232748,0.001955574412063172,0.0017265943468959375,0.0015246948807566276,0.0013466353554680724,0.001189568396893639,0.001050991371865464,0.000928703961276364,0.0008207710591631653,0.000725490312727121,0.0006413637092519108,0.0005670726938064251,0.0005014563694609971,0.00044349239014347924,0.000392280206766359,0.0003470263711284562,0.00030703164005639415,0.0002716796552800154,0.00024042700304386757,0.0002127944824341925,0.00018835943303274676,0.00016674899129856302,0.00014763416150992244,0.00013072460140136103,0.00011576403507489,0.0001025262166702547,9.08113777360957e-5,8.044309956502104e-5,7.126555900554415e-5,6.314110257531147e-5,5.594810926436122e-5,4.957910726132337e-5,4.3939114074424915e-5,3.894417325514863e-5,3.4520064169895595e-5,3.060116413554745e-5,2.712944473930274e-5,2.4053586350016875e-5,2.1328196766206457e-5,1.8913121629909507e-5,1.677283572886538e-5,1.4875905605775368e-5,1.3194515045794031e-5,1.1704046019499767e-5,1.0382708541655765e-5,9.21121368777632e-6,8.172484692992335e-6,7.251401661456017e-6,6.4345759449485e-6,5.710150714135178e-6,5.0676246584172246e-6,2.248848056034785e-6
1.1630052803840714,1.8053716502764396,1.4974273845602255,1.266585459487264,1.083316539949919,0.9335060725936948,0.8088151984633324,0.7037392184514691,0.6143861622848668,0.5378735102888385,0.47199411307182515,0.41501539821202404,0.3655510042858116,0.32247466668325375,0.28486017495250204,0.251938167934702,0.22306422167804352,0.19769475562135322,0.17536850006049906,0.15569201265070798,0.1383282030671572,0.12298713233370162,0.10941855902317986,0.09740584551356077,0.08676093607872747,0.07732018882764168,0.06894089445556836,0.06149835223974312,0.054883401692347025,0.04900032940688293,0.04376508681829142,0.03910376708773393,0.03495129906959397,0.03125032400916194,0.027950226716605395,0.02500629784706776,0.02237900785959548,0.020033376413373973,0.017938423576275425,0.016066691362369524,0.014393825880210348,0.012898211843279151,0.011560652416161174,0.010364088395079827,0.009293351577468906,0.0083349479035265,0.007476866566390589,0.006708411806555577,0.0060200545513591115,0.005403301438782675,0.004850579089039986,0.004355131766469692,0.0039109308125143145,0.0035125944381443224,0.003155316642355949,0.002834804177126295,0.0025472206136078826,0.0022891366806152796,0.0020574861472127553,0.0018495266100839985,0.0016628046223740652,0.0014951246685052742,0.0013445215481657608,0.0012092357838959808,0.0010876917120249804,0.0009784779562327902,0.000880330018032668,0.0007921147487215795,0.0007128164945793783,0.0006415247308394118,0.0005774230207387757,0.0005197791545350819,0.0004679363397132168,0.0004213053279668028,0.00037935737739874364,0.0003416179595439623,0.00030766113091254234,0.00027710449762832637,0.00024960470950107676,0.00022485342691877045,0.00020257371011056597,0.00018251678579733006,0.00016445915119054304,0.00014819997955803954,0.00013355879548622107,0.00012037339140429502,0.00010849795994829627,9.780141950465399e-5,8.816591266389062e-5,7.948545950590785e-5,7.166474952607724e-5,6.461805775283283e-5,5.826827213435829e-5,5.2546020624363275e-5,4.7388887630394555e-5,4.2740710565798584e-5,3.855094822316239e-5,3.477411355774576e-5,3.1369264235138805e-5,2.8299544999154636e-5,1.276588826824276e-5
1.1630052803841875,1.8501611006321372,1.5620497329436513,1.342576905252355,1.165777688565851,1.019243624284773,0.8956361099030427,0.7901000955898495,0.6991917478057018,0.6203497229344395,0.5516029065335348,0.4913950737412762,0.438472985111538,0.3918114255118431,0.35056099764433457,0.3140105841148273,0.2815596295235249,0.2526972094163839,0.22698591922353906,0.20404926768900986,0.18356167099184606,0.16524041183807953,0.14883910687555651,0.1341423483349078,0.1209612713492644,0.10912985922078572,0.09850184296047805,0.08894808375606665,0.08035435113258965,0.072619427725888,0.06565348549445467,0.05937668890380544,0.053717988958079624,0.04861407853776404,0.044008484710489904,0.03985077785300877,0.03609588079254683,0.03270346388887202,0.029637414217116534,0.026865368840986344,0.02435830367196248,0.022090170669911285,0.02003757718723389,0.018179502140442665,0.016497044426387983,0.014973199630795577,0.013592661607774744,0.012341645957224347,0.011207732815958358,0.010179726708513423,0.009247531487775627,0.008402038642053192,0.007635027454727447,0.00693907568817816,0.00630747962299643,0.005734182420847828,0.0052137099013431125,0.0047411129288565885,0.004311915696957471,0.003922069280610952,0.0035679098957416134,0.003246121369586853,0.0029537013803418747,0.0026879310726667543,0.00244634769903433,0.002226719974665562,0.002027025867905465,0.0018454325769157345,0.0016802784706075958,0.0015300567952560283,0.0013934009687502028,0.0012690713032620447,0.0011559430136878761,0.001052995383832305,0.0009593019757105438,0.0008740217787733335,0.0007963912065864454,0.0007257168579358882,0.0006613689674923787,0.0006027754788855227,0.0005494166797199576,0.0005008203440366117,0.00045655733329885007,0.00041623761163441,0.00037950663556138596,0.0003460420823621855,0.0003155508846720327,0.0002877665421283294,0.0002624466836897152,0.00023937085688451653,0.00021833852245243797,0.0001991672349917514,0.00018169099209032155,0.00016575873606310942,0.00015123299398379897,0.00013798864303971273,0.00012591178948876823,0.0001148987506246119,0.00010485513013116779,9.569497814434666e-5,4.367001408229655e-5
1.1630052803842639,1.8816234262863405,1.6081056317050326,1.3974244922175152,1.2260022119029388,1.082575305686645,0.96047971995535,0.855301882031657,0.7639056198848876,0.6839528899307281,0.6136391654437249,0.5515348798174899,0.49648435623532383,0.44753818086293945,0.4039061517200003,0.3649234755328491,0.3300258226576354,0.2987304964758561,0.27062194004842177,0.24534039271732805,0.22257288188239038,0.2020459775594359,0.1835198990527749,0.1667836736631461,0.15165112446304393,0.1379575189099912,0.12555674969732591,0.1143189482723548,0.10412845308568272,0.09488207089220947,0.0864875818758541,0.07886244894170358,0.07193269896015599,0.06563194962543567,0.059900560228716454,0.05468488835881501,0.04993663754518037,0.04561228326326321,0.041672566716001044,0.0380820474305392,0.03480870704318986,0.03182359776659515,0.029100529961597406,0.026615794021545465,0.024347912425033726,0.022277418376274474,0.02038665792540654,0.018659612858296964,0.017081741994003814,0.01563983882258592,0.01432190367006781,0.0131170287993085,0.01201529504219108,0.011007678726862988,0.01008596780768165,0.009242686228837987,0.008471025664102712,0.007764783871150595,0.007118308982227677,0.0065264491294126205,0.005984506865379843,0.00548819790024533,0.005033613726101749,0.004617187745049482,0.00423566455740776,0.0038860721019883726,0.003565696372789819,0.0032720584633119374,0.003002893715800049,0.002756132775222565,0.002529884367131604,0.002322419636900721,0.002132157903874045,0.0019576536980764024,0.0017975849604492287,0.0016507422985373307,0.0015160192003391508,0.0013924031184713167,0.0012789673447463916,0.0011748636031853918,0.001079315296193749,0.0009916113446431119,0.0009111005684420896,0.0008371865587818821,0.000769322998008639,0.0007070093871961046,0.0006497871449421716,0.0005972360444712249,0.0005489709589776515,0.0005046388880544642,0.0004639162403204537,0.0004265063497441209,0.00039213720519274195,0.00036055937448683747,0.00033154410600824317,0.0003048815923691103,0.0002803793820513442,0.00025786092620692745,0.00023716424887514762,0.00021814072996475327,0.00010032699565062644
1.1630052803843394,1.9132961037377263,1.6550235231982846,1.4538764448599633,1.2885848497859844,1.1489930059284916,1.0290914073507662,0.9248970090597026,0.8335757404574947,0.7530107264677601,0.6815641554457407,0.6179347544414909,0.5610670463214532,0.5100907041340661,0.464278403580345,0.4230155727324579,0.3857780874964723,0.3521154452623779,0.3216378198188891,0.2940059317270495,0.2689230035319971,0.2461282871214851,0.22539179580549357,0.20650997296256612,0.189302098248973,0.17360728138609902,0.1592819290165909,0.1461975960628353,0.13423915234552047,0.12330320970572534,0.11329676597534886,0.10413603065732122,0.09574540378177385,0.08805658462899034,0.08100779111897508,0.074543073955037,0.06861171227009578,0.06316767964209687,0.058169171111624396,0.0535781832700833,0.049360140658389534,0.04548356270752784,0.041919766268887715,0.03864259947678061,0.03562820325149239,0.03285479725068173,0.030302487494397883,0.027953093235732956,0.02578999095881361,0.023797973644900126,0.021963123671324674,0.020272697905559908,0.01871502371939575,0.017279404799102942,0.015956035755396974,0.014735924644983474,0.013610822615915653,0.012573159974452977,0.011615988044912437,0.010732926263977968,0.009918114005345254,0.009166166685552476,0.008472135748032067,0.007831472161603245,0.007239993107400504,0.006693851559959094,0.006189508498528914,0.00572370750830207,0.005293451555995557,0.004895981745155172,0.004528757873919613,0.004189440635461259,0.0038758753163064433,0.0035860768608198712,0.0033182161830749724,0.003070607617210922,0.0028416974079828023,0.0026300531523574767,0.0024343541102507817,0.002253382310468924,0.002086014384340456,0.0019312140652878514,0.0017880252985806372,0.001655565909700954,0.0015330217846897499,0.0014196415200059612,0.0013147315026583804,0.001217651385157591,0.0011278099225772496,0.0010446611421392775,0.00096770081786455,0.0008964632254164678,0.000830518154377539,0.0007694681569209745,0.0007129460137879619,0.0006606123999631166,0.0006121537339419848,0.0005672801958881785,0.0005257239010393629,0.00048723721595870265,0.00022579560313975002
1.1630052803843722,1.9274525297280647,1.6761747155334654,1.4795139093301954,1.3172012412045206,1.1795614961984795,1.0608695722264583,0.9573300464754106,0.8662410628730911,0.7855830667534369,0.7137920873815853,0.6496241109750721,0.592068773577948,0.5402917097389082,0.49359450615125433,0.45138597303398614,0.41316097060566437,0.3784844417878872,0.34697913158915916,0.3183159794033996,0.29220648957137313,0.2683965929816834,0.24666165069548784,0.22680234500806454,0.20864126911157996,0.19202007310411934,0.17679705779892993,0.1628451324198711,0.1500500706152005,0.13830901295768225,0.1275291746308503,0.1176267250734306,0.10852581260595086,0.10015771201413003,0.09246007695028408,0.08537628212291049,0.07885484276351822,0.07284890085597939,0.06731576928553284,0.06221652642017362,0.05751565473993057,0.053180718066775434,0.049182072716988795,0.04549260855428151,0.042087516452500945,0.03894407914942414,0.03604148286700025,0.03336064739812916,0.030884072653288446,0.028595699903983564,0.026480786170809817,0.024525790391027535,0.022718270152398804,0.02104678792343554,0.019500825831098162,0.018070708137846954,0.01674753066557798,0.015523096494590796,0.01438985733510306,0.01334086003593713,0.012369697745342747,0.01147046529178967,0.010637718396465,0.009866436365843778,0.00915198794903491,0.008490100074549605,0.00787682921048951,0.007308535114000589,0.006781856759944451,0.006293690258849029,0.005841168590438661,0.005421642996072944,0.005032665887798573,0.004671975144184127,0.004337479675831994,0.004027246152644145,0.0037394867954025322,0.0034725481431712806,0.0032249007147783612,0.0029951294906011656,0.002781925147077469,0.00258407598191641,0.0024004604740328842,0.002230040426088798,0.002071854642524343,0.001925013100106859,0.0017886915710426754,0.0016621266625884447,0.0015446112397099687,0.001435490200558372,0.0013341565765068544,0.0012400479311643652,0.0011526430349057062,0.0010714587931044848,0.0009960474082849537,0.0009259937578603336,0.0008609129706499621,0.0008004481868183499,0.0007442684868931876,0.0006920669768218619,0.0003217795085559115
1.1630052803844353,1.9556707673183704,1.7186715395554168,1.5313739797191224,1.3754502452168331,1.2421559566583245,1.1263176155448817,1.0245044859960142,0.9342725419119663,0.8537928234664747,0.7816467281792158,0.7167036604046212,0.658043247767617,0.6049034351481001,0.5566444651287903,0.512723063138442,0.47267342871383694,0.4360929124876357,0.4026310080470769,0.3719807447368697,0.3438718556388314,0.3180652821926963,0.29434870157221976,0.2725328480749877,0.252448459028846,0.23394371763626437,0.21688209551857965,0.2011405198566128,0.18660780651229905,0.1731833128271428,0.16077577324729259,0.1493022881572552,0.13868744188863888,0.12886253030526235,0.1197648818333961,0.11133725857848042,0.1035273264219871,0.09628718475855703,0.08957294802826828,0.0833443724054123,0.07756452197753812,0.07219946958493123,0.06721802817005554,0.0625915090722957,0.05829350416594765,0.05429968916231601,0.05058764574640051,0.0471367005007477,0.043927778831701146,0.040943272327430176,0.03816691816268286,0.03558368933282516,0.03317969462993671,0.03094208740315474,0.028858982252878015,0.02691937889485975,0.025113092516834745,0.023430690021299536,0.0218634316084688,0.020403217215263926,0.019042537367762718,0.017774428053502277,0.016592429259386424,0.015490546851983866,0.014463217510603197,0.013505276449594539,0.012611927693806382,0.01177871668885892,0.011001505050800393,0.010276447278127362,0.009599969262650677,0.008968748451858834,0.008379695528382863,0.007829937483160583,0.007316801971237132,0.006837802846498328,0.006390626781898355,0.005973120890234676,0.00558328126591795,0.005219242376203205,0.004879267235918548,0.004561738304686775,0.004265149051846902,0.003988096137162725,0.0037292721605598723,0.0034874589382007937,0.003261521264552213,0.003050401124256764,0.0028531123197935953,0.0026687354843748378,0.0024964134509725977,0.002335346951249895,0.002184790620276405,0.0020440492842541684,0.0019124745107019713,0.0017894614018464316,0.001674445613498241,0.001566900583239519,0.0014663349525448845,0.0013722901689104546,0.0006421691276047495
1.1630052803844817,1.9770515706728833,1.7511716670257433,1.571346864092666,1.4206728349828033,1.2910864971634335,1.1778185580167095,1.077706064005568,0.9884949191005913,0.9084971722698567,0.8364023458861598,0.7711647403484891,0.7119318369635581,0.6579965542180493,0.6087641408083149,0.563728465555219,0.522454570967694,0.48456553630878835,0.44973238732159726,0.4176662110784933,0.38811190003483687,0.360843121915362,0.3356582268658054,0.3123768817175367,0.2908372757502261,0.2708937808869558,0.2524149771701098,0.23528197470334608,0.21938697840041352,0.20463205317020905,0.19092805585175204,0.17819370684629968,0.1663547795010664,0.15534338936865655,0.14509736863587985,0.135559713549605,0.1266780947321877,0.11840442188153988,0.11069445572158845,0.10350746117083466,0.09680589657591362,0.0905551346234276,0.08472321115892414,0.07928059867885302,0.07420000167476296,0.06945617139761959,0.06502573792893973,0.060887057696339945,0.05702007481287663,0.05340619481253228,0.05002816952164807,0.046869991960423456,0.043916800282415396,0.041154789879930945,0.03857113288118063,0.036153904340305625,0.033892014501983224,0.031775146586124084,0.029793699591799287,0.02793873567800412,0.02620193171321208,0.024575534632144642,0.023052320274283562,0.02162555540498106,0.020288962651876484,0.01903668811219633,0.01786327141286874,0.01676361801942529,0.015732973611897225,0.014766900363094734,0.013861254965626244,0.013012168269698138,0.012216026405468889,0.011469453273420421,0.010769294298409383,0.010112601348596616,0.009496618730669686,0.008918770180940665,0.008376646775880642,0.007867995693852206,0.007390709764746578,0.006942817748586771,0.0065224752906211415,0.006127956502215585,0.00575764612221514,0.005410032217464775,0.005083699382730918,0.004777322404745486,0.004489660356746883,0.004219551093637705,0.00396590611867595,0.0037277057957242274,0.003503994883165475,0.0032938783665286825,0.003096517569310342,0.002911126522564324,0.0027369685753318223,0.0025733532296333588,0.002419633184226408,0.0022752015729409453,0.0010697446922996966
1.1630052803845177,1.993899986816044,1.7769668819348199,1.603264084474776,1.4569811774407833,1.3305773467594706,1.2195933811946693,1.1210720009003916,1.0329052804685912,0.9535140928445569,0.8816717004844635,0.8163984316703131,0.7568947997183236,0.7024969278004255,0.6526456561684933,0.6068644302395196,0.5647430392648903,0.525925378462637,0.49010005420331587,0.4569930458895196,0.42636188655368124,0.3979909855307029,0.3716878238532211,0.3472798263044789,0.32461176501832795,0.30354358550267135,0.2839485720349639,0.2657117883518464,0.24872874370234543,0.23290424484848934,0.21815140270112882,0.20439076846161627,0.1915495788870319,0.17956109409266485,0.16836401425126724,0.1579019639036039,0.1481230345202683,0.13897937743361877,0.1304268405374556,0.12242464317649514,0.11493508445648952,0.10792328092083286,0.10135693010722202,0.09520609699929372,0.08944302076404896,0.08404193952960494,0.07897893125406777,0.07423176896322772,0.06977978886162323,0.06560376999857469,0.061685824324602755,0.05800929611854771,0.054558669866542564,0.051319485787332114,0.04827826228955076,0.04542242471283782,0.042740239781163536,0.040220755255036864,0.03785374431760463,0.03562965428600835,0.033539559267614524,0.03157511642565919,0.029728525552598303,0.027992491671755514,0.026360190418663054,0.024825235973694612,0.023381651343359004,0.022023840798354906,0.02074656429844016,0.019544913750491066,0.018414290954772577,0.017350387109939372,0.016349163757993,0.015406835058978312,0.014519851297473305,0.013684883526699176,0.012898809266399953,0.012158699178621033,0.011461804648088577,0.010805546202397383,0.01018750271157818,0.009605401310399279,0.009057107993563525,0.008540618834608367,0.008054051784951076,0.007595639013544121,0.007163719748307989,0.006756733585376705,0.006373214233293582,0.0060117836633768,0.005671146637553937,0.005350085588337309,0.005047455827691695,0.004762181062008771,0.00449324919310089,0.0042397083859752735,0.004000663385602744,0.0037752720666715898,0.0035627422004210836,0.003362328424434884,0.0015866647012633124
1.163005280384554,2.0115332941018935,1.8041399001155178,1.6370677458604141,1.495625577954853,1.3728053935541462,1.2644644691219287,1.1678556300940983,1.081020489097572,1.0024914868685009,0.9311279730470545,0.8660183806093975,0.8064181360581063,0.7517082987509722,0.701366911591975,0.6549485065165465,0.6120690412879528,0.5723945697969656,0.5356325492948455,0.5015250542595291,0.46984339742769893,0.44038380844415675,0.41296392022991835,0.38741988124801435,0.3636039591644971,0.34138253478925423,0.32063440938898313,0.30124936605799313,0.2831269389620156,0.26617535400196085,0.2503106119641493,0.23545569095329302,0.22153984928818538,0.20849801356223757,0.19627023929220236,0.1848012337539565,0.17403993239108434,0.16393912153617404,0.15445510137249954,0.14554738401143053,0.13717842229856111,0.1293133656262598,0.12191983955001255,0.11496774647272223,0.10842908499868424,0.10227778589864722,0.0964895629016591,0.09104177673160123,0.08591331101904595,0.0810844588801488,0.076536819094439,0.07225320094951485,0.0682175369077619,0.06441480235749855,0.060830941795547475,0.057452800844853026,0.05426806358370421,0.05126519471579324,0.04843338615321352,0.045762507639273406,0.04324306105941503,0.04086613813232477,0.03862338120490157,0.03650694689246312,0.034509472335697795,0.032624043863127575,0.03084416787339968,0.02916374375853752,0.02757703871126306,0.026078664275098133,0.02466355450179369,0.02332694559621929,0.022064356938417188,0.020871573379804165,0.019744628723105576,0.018679790297155375,0.01767354454833531,0.01672258357832631,0.01582379255860626,0.01497423796118297,0.014171156548717393,0.01341194507028412,0.012694150616387177,0.012015461585981229,0.01137369922432224,0.010766809694578048,0.010192856645670705,0.00965001424428575,0.009136560639347173,0.0086508718318557,0.008191415922064843,0.007756747709742776,0.0073455036253816716,0.006956396969996181,0.006588213444243754,0.006239806948117963,0.0059100956338502654,0.005598058196640609,0.005302730387378276,0.005023201733566869,0.0023793062280088035
1.1630052803845732,2.0210113835279437,1.8188207621952992,1.6554082190203345,1.5166733211281551,1.395888646303664,1.2890781628340673,1.1936054218998904,1.1075909176299483,1.0296260276155358,0.9586156644939795,0.8936843909911081,0.8341168454748891,0.7793180672683212,0.7287860228422118,0.6820919579504494,0.6388659610492412,0.5987861082024191,0.5615701369670899,0.5269689484015778,0.49476145793606724,0.4647504597640579,0.4367592650464728,0.41062893956193497,0.38621601184714877,0.3633905548943996,0.34203456770418766,0.3220405998613423,0.30331057490038044,0.2857547775479521,0.26929097714493294,0.25384366504436073,0.2393433879751323,0.22572616274141258,0.21293296023194774,0.20090924879563882,0.18960458875508024,0.1789722711186963,0.16896899469304663,0.15955457670505213,0.1506916927442371,0.1423456424742216,0.13448413805731263,0.12707711268539293,0.12009654692758338,0.11351631093276393,0.10731202078822337,0.10146090752474586,0.09594169746424698,0.09073450275883661,0.0858207211032346,0.08118294373439726,0.07680487091184078,0.07267123417657659,0.06876772476796073,0.06508092762905117,0.06159826050244591,0.058307917668276275,0.05519881791599304,0.05226055639580921,0.049483360013171905,0.04685804607306776,0.044375983911528104,0.04202905926676023,0.03980964117231337,0.037710551170283754,0.035725034668203585,0.03384673426774119,0.032069664915501284,0.030388190741518488,0.028797003455182716,0.027291102184115137,0.025865774650450847,0.024516579585534295,0.023239330296951775,0.022030079301989292,0.020885103952526,0.019800892984300513,0.018774133923100962,0.017801701289907358,0.016880645550265038,0.01600818275584513,0.015181684833937208,0.014398670478770692,0.013656796604958757,0.01295385032755962,0.01228774143202601,0.011656495303203156,0.01105824628242038,0.010491231426691418,0.009953784642444164,0.009444331170259865,0.008961382399261383,0.008503530989101551,0.008069446280877676,0.007657869978599508,0.007267612084175717,0.006897547071028257,0.0065466102805913475,0.006213794528195841,0.002949073453133828
1.1630052803846127,2.0406609822977777,1.8494252137278202,1.6938154263300842,1.5609320824302653,1.4446166099436473,1.3412308592676194,1.2483629447452484,1.1642934703475587,1.0877335939269903,1.0176809901140116,0.9533339395128905,0.8940368388969567,0.8392439310715424,0.7884942022877705,0.7413934404639982,0.6976010600640669,0.6568202015657473,0.6187901421950952,0.583280376613869,0.5500859291378136,0.5190235908309497,0.4899288623255399,0.46265344302612144,0.4370631489102803,0.4130361704054547,0.3904616030815235,0.36923819931047397,0.34927330057062217,0.33048191856874654,0.31278593995561943,0.29611343443025745,0.2803980498391966,0.26557848097300585,0.25159800113191133,0.23840404742738439,0.22594785235990208,0.21418411537034007,0.2030707091107357,0.19256841601025018,0.18264069133695318,0.1732534495453073,0.16437487114344845,0.15597522773004796,0.14802672312628776,0.1405033488329013,0.13338075228394544,0.12663611653079204,0.1202480501827929,0.11419648656715459,0.10846259118936875,0.1030286766999281,0.09787812463679398,0.09299531331253029,0.08836555129048197,0.08397501593417658,0.07981069658314006,0.07586034195196925,0.0721124113834775,0.06855602964059646,0.0651809449305102,0.06197748989778488,0.0589365453521092,0.05604950650529737,0.05330825152247056,0.050705112204268196,0.04823284664332129,0.04588461369726297,0.04365394914353619,0.04153474339624165,0.039521220665381884,0.03760791945547475,0.03578967430806501,0.03406159869759636,0.03241906900408264,0.03085770948278591,0.02937337816293861,0.02796215361574064,0.026620322528621797,0.02534436803347982,0.024130958738890113,0.022976938417989968,0.021879316312730553,0.020835258010847832,0.01984207685922434,0.018897225881869463,0.017998290167537092,0.01714297969908594,0.016329122595356335,0.01555465874235541,0.014817633787181754,0.014116193472982522,0.013448578295586353,0.012813118460501647,0.01220822912315567,0.011632405894993994,0.011084220599275383,0.010562317263025147,0.010065408329672842,0.009592271079690708,0.004570872124111763
1.1630052803846374,2.0533140044029654,1.8692536490015517,1.7188244309141154,1.5898826348128416,1.4766269463153054,1.3756312429610917,1.2846246338946605,1.201988324696131,1.1265088232611962,1.057242255408911,0.9934334520466228,0.9344646424818015,0.8798213131910668,0.829068586292169,0.7818343421574128,0.7377968304043255,0.6966753635902337,0.6582231861928478,0.6222219148655912,0.5884771371076043,0.5568148796357041,0.5270787401533396,0.4991275325543922,0.47283333474018124,0.44807985576906423,0.4247610590872117,0.4027799930888525,0.38204779111258286,0.36248281095994556,0.34400989024341966,0.3265596985964446,0.3100681713500158,0.2944760122005722,0.27972825461778605,0.26577387351959303,0.2525654402280182,0.2400588147941093,0.22821287077189759,0.21698924830372437,0.20635213195647192,0.1962680503075794,0.1867056946924505,0.17763575492064998,0.16903077001750744,0.16086499233854326,0.15311426363312458,0.14575590177799624,0.13876859708713596,0.13213231723008215,0.1258282199008203,0.11983857249973863,0.11414667814428836,0.10873680742093486,0.10359413536319356,0.09870468317253116,0.09405526426708614,0.08963343428296942,0.08542744468303975,0.08142619968229804,0.07761921620169657,0.07399658660583665,0.07054894400811772,0.06726742993159456,0.06414366414474112,0.06116971650069884,0.05833808063591901,0.05564164937913059,0.053073691745452484,0.05062783140549472,0.04829802651636163,0.046078550818999454,0.04396397591293703,0.041949154623274525,0.040029205389783745,0.03819949760211504,0.036455637817799494,0.034793456808293675,0.033208997372820875,0.031698502871608136,0.03025840643169645,0.028885320779492858,0.02757602866429532,0.026327473830672132,0.0251367525057191,0.02400110537215188,0.022917909993351953,0.021884673664624925,0.020899026662622187,0.01995871587182367,0.019061598762148534,0.018205637697329954,0.017388894556260776,0.016609525646480296,0.015865776893888,0.015155979292064114,0.014478544595689837,0.013831961245648386,0.01321479051050655,0.01262566283235883,0.0060316371834676355
1.1630052803846453,2.0578901921919615,1.8764484311859089,1.727923335600529,1.6004410547847268,1.488327768754071,1.3882329600225214,1.2979360264970135,1.2158540675189358,1.1408004891658148,1.071852298863907,1.0082709741761513,0.9494522900784003,0.8948929356786003,0.8441674196733391,0.7969115714613955,0.752810431509651,0.7115891561050857,0.673006049005231,0.6368471292692096,0.6029218315155692,0.5710595562834299,0.541106868764065,0.5129251992777136,0.48638893715103515,0.46138383657687515,0.4378056726289467,0.41555909977912486,0.3945566758859094,0.374718022418409,0.35596909776574875,0.338241565102823,0.32147223977010925,0.30560260398323386,0.29057837886011856,0.2763491454909958,0.26286800823209056,0.250091294449075,0.23797828590808573,0.22649097777774183,0.21559386176577217,0.2052537304627945,0.19543950036729119,0.18612205145476082,0.17727408139366826,0.16886997279693508,0.16088567212231947,0.1532985789728739,0.1460874447321064,0.1392322795904706,0.13271426712659568,0.12651568572583274,0.12061983616789841,0.11501097481157892,0.10967425187560782,0.104595654343889,0.09976195309125357,0.09516065386435749,0.0907799517810729,0.08660868906624435,0.08263631574199184,0.07885285303466405,0.07524885928843197,0.07181539817853147,0.06854400904845666,0.06542667920381759,0.0624558180233529,0.05962423274104163,0.05692510577755267,0.05435197351436803,0.05189870639978174,0.04955949029391998,0.04732880896617645,0.04520142766183646,0.04317237767012482,0.041236941818987766,0.03939064083498877,0.037629220515433465,0.035948639653436455,0.034345058668970065,0.032814828900236896,0.03135448251042164,0.02996072297539588,0.02863041611078243,0.027360581605276765,0.026148385032229944,0.024991130305987534,0.023886252558066378,0.02283131140554637,0.02182398459139702,0.02086206197101806,0.019943439825143724,0.0190661154819352,0.018228182227593825,0.01742782449005689,0.016663313279448845,0.015933001870030078,0.015235321711677817,0.014568778555651165,0.013931948782886977,0.006661737962551196
1.1630052803846715,2.0713989422243455,1.897760035924448,1.7549512772649276,1.6318840967163248,1.5232558262795621,1.425935771829472,1.337849575143279,1.2575187507216405,1.1838349874598724,1.1159361072082319,1.0531321132322429,0.9948583121328018,0.9406441313321164,0.8900915537343096,0.842859716496534,0.7986536110865161,0.7572155993501716,0.7183189160463287,0.6817626057677254,0.6473675169523593,0.614973089218454,0.5844347455630561,0.5556217524820445,0.5284154468516754,0.50270775355148,0.4783999361271309,0.45540153602430317,0.43362946585693185,0.41300722943523205,0.39346424697217447,0.3749352682057997,0.35735985941425535,0.3406819529788289,0.32484945017249445,0.3098138694694424,0.2955300340383261,0.2819557930414897,0.2690517722769515,0.2567811504175689,0.24510945761211658,0.2340043937325278,0.22343566392035097,0.21337482945522884,0.20379517217956244,0.19467157098659557,0.1859803890914859,0.17769937092370908,0.1698075476562891,0.16228515049859205,0.15511353097702532,0.14827508754404295,0.14175319789311902,0.1355321564517463,0.1295971165929054,0.12393403712551364,0.11852963269238562,0.11337132773856508,0.10844721373751935,0.10374600941843563,0.09925702373083842,0.09497012132772939,0.09087569037599241,0.0869646125004987,0.08322823470105654,0.07965834308673081,0.0762471383015191,0.07298721250377879,0.06987152778757515,0.06689339594963489,0.06404645949753429,0.06132467381422106,0.05872229039910559,0.05623384110800761,0.0538541233313283,0.051578186039407364,0.04940131663842761,0.04731902858965336,0.04532704973535942,0.043421311288826266,0.04159793744619604,0.039853235577802786,0.0381836869687066,0.036585938068248114,0.03505679221814909,0.03359320183443765,0.03219226101068806,0.030851198520214087,0.02956737119081896,0.028338257634436516,0.027161452306475115,0.026034659876598153,0.024955689895753294,0.02392245173918983,0.022932949811544593,0.02198527899857241,0.021077620351015486,0.020208236990140842,0.019375470219789245,0.018577735834026922,0.008906760305964849
