Eb,Ek = 60 eV,Eb,210,Eb,410,Eb,610,Eb,910
299,2953.6,298,6886.5,298,54002.6956521739,298,102.540901305855,298,73.4771908763505
298.95,3039.15,297.95,7061.125,297.95,54005.8260869565,297.95,111.020430824418,297.95,76.9700480192077
298.9,3001.55,297.9,7035,297.9,53406.4782608696,297.9,93.143733523687,297.9,74.9447779111645
298.85,2975.85,297.85,6962.375,297.85,54149.1304347826,297.85,98.6495631053094,297.85,87.8399759903962
298.8,2966.35,297.8,6890.875,297.8,53943.5652173913,297.8,102.685791558003,297.8,77.596218487395
298.75,2923.7,297.75,7111.875,297.75,54222.4782608696,297.75,97.9665090594691,297.75,77.664705882353
298.7,2928.35,297.7,7346.5,297.7,53613.1739130435,297.7,88.5003459191358,297.7,74.6219087635054
298.65,2871.15,297.65,6690.25,297.65,53835.3913043478,297.65,87.4447169392007,297.65,74.1424969987995
298.6,3021.95,297.6,7068,297.6,53980.3913043478,297.6,96.3037209276758,297.6,79.9834933973589
298.55,2834.8,297.55,7038.5,297.55,53799.652173913,297.55,94.8065216554803,297.55,81.6565426170468
298.5,2943.15,297.5,7051.75,297.5,53251.7826086957,297.5,93.7922898904445,297.5,77.4494597839136
298.45,2804.5,297.45,7402.125,297.45,54218,297.45,96.4486111798238,297.45,79.2888355342137
298.4,2901.8,297.4,6970.25,297.4,53460.7391304348,297.4,102.830681810151,297.4,76.3047418967587
298.35,2820.95,297.35,7135.75,297.35,53164.1739130435,297.350000000001,102.085531941961,297.350000000001,73.946818727491
298.3,2777.2,297.3,7054,297.3,53769.9565217391,297.300000000001,93.2817242400184,297.300000000001,73.0369147659064
298.25,2866.7,297.25,6972.5,297.25,53454.4347826087,297.250000000001,89.5283767558047,297.250000000001,78.9561824729892
298.2,2916.45,297.2,6737.125,297.2,53828.2173913043,297.200000000001,90.3632205896096,297.200000000001,81.4021608643457
298.15,2905.15,297.15,6923.5,297.15,53174.5652173913,297.150000000001,101.968239833079,297.150000000001,87.4584033613445
298.1,2872.5,297.1,6796.375,297.1,53584.2608695652,297.100000000001,99.9466758388245,297.100000000001,83.290456182473
298.05,2927.05,297.05,6823.625,297.05,53985.0869565217,297.050000000001,94.4822434721015,297.050000000001,79.983493397359
298,2841.25,297,6706.375,297,53922.0434782609,297.000000000001,85.9130199879223,297.000000000001,73.1738895558223
297.95,2848.3,296.95,6922.875,296.95,53640.4347826087,296.950000000001,100.119164234239,296.950000000001,83.358943577431
297.9,2843.6,296.9,6446.125,296.9,53348.3043478261,296.900000000001,98.2493900279484,296.900000000001,76.8428571428572
297.85,2990.9,296.85,6660.75,296.85,53536.2608695652,296.850000000001,87.6724016211475,296.850000000001,73.9076830732293
297.8,2857.45,296.8,6713.25,296.8,54037.4347826087,296.800000000001,95.7379589907172,296.800000000001,71.2660264105642
297.75,2785.5,296.75,6899,296.75,53241,296.750000000001,103.486137712725,296.750000000001,75.3165666266507
297.7,2859.25,296.7,6711.75,296.7,53271,296.700000000001,99.2567222571675,296.700000000001,72.7433973589436
297.65,2774.3,296.65,7042.75,296.65,53766.7391304348,296.650000000001,91.1635667443316,296.650000000001,75.6394357743097
297.6,2653.25,296.6,6817.875,296.6,53725.8695652174,296.600000000001,93.6473996382966,296.600000000001,79.7193277310925
297.55,2683.6,296.55,6971.25,296.55,53188.9130434783,296.550000000001,99.3326171511498,296.550000000001,77.527731092437
297.5,2799.2,296.5,7084,296.5,53930,296.500000000001,89.7698605093846,296.500000000001,76.79393757503
297.45,2694.65,296.45,6814.875,296.45,53461.7826086957,296.450000000001,90.8185899535031,296.450000000001,77.9386554621849
297.4,2750.15,296.4,6916.125,296.4,53730.8695652174,296.400000000001,107.867342956246,296.400000000001,78.8485594237695
297.35,2789.75,296.35,7186.125,296.35,54565.1304347826,296.350000000001,96.2071274262439,296.350000000001,82.2827130852341
297.3,2729.75,296.3,7122.375,296.3,54016.347826087,296.300000000001,91.7707258961897,296.300000000001,76.2460384153661
297.25,2646.55,296.25,7039.875,296.25,54054.7826086957,296.250000000002,93.1644321311367,296.250000000002,71.628031212485
297.2,2681.95,296.2,6995.5,296.2,54451.0869565217,296.200000000002,90.1976317300119,296.200000000002,76.6373949579832
297.15,2739.5,296.15,6896.125,296.15,54727.2173913043,296.150000000002,92.8263548761248,296.150000000002,88.1530612244898
297.1,2797.8,296.1,6895.75,296.1,53561.1739130435,296.100000000002,99.4085120451321,296.100000000002,87.7421368547419
297.05,2812.45,296.05,7123.25,296.05,54011.9565217391,296.050000000002,90.6392020222723,296.050000000002,86.7735294117647
296.999999999999,2691.8,295.999999999999,7128.5,295.999999999999,54383.8695652174,296.000000000002,94.0751708589239,296.000000000002,80.0324129651861
296.949999999999,2677.15,295.949999999999,6997.125,295.949999999999,54193.652173913,295.950000000002,91.0945713861659,295.950000000002,74.9545618247299
296.9,2756.7,295.899999999999,6597.5,295.899999999999,53546.652173913,295.900000000002,85.4093538733128,295.900000000002,81.8815726290516
296.85,2768.25,295.849999999999,6758.25,295.849999999999,54815.8695652174,295.850000000002,88.9833134262957,295.850000000002,82.9871548619448
296.799999999999,2586.25,295.799999999999,6888.25,295.799999999999,54856.6086956522,295.800000000002,94.282156933421,295.800000000002,73.9957382953181
296.749999999999,2713.05,295.749999999999,7070.75,295.749999999999,54039.3043478261,295.750000000002,90.9151834549351,295.750000000002,68.506962785114
296.699999999999,2734.75,295.699999999999,6832.5,295.699999999999,54145.8260869565,295.700000000002,93.5646052084978,295.700000000002,74.4360144057623
296.649999999999,2758.3,295.65,6911.25,295.65,53585.652173913,295.650000000002,85.0298794034014,295.650000000002,71.3540816326531
296.6,2693.9,295.599999999999,7150.25,295.599999999999,53591.2173913043,295.600000000002,94.8341197987466,295.600000000002,83.1730492196879
296.549999999999,2653.15,295.549999999999,6795.5,295.549999999999,54207.347826087,295.550000000002,95.1307998388591,295.550000000002,80.5313925570228
296.499999999999,2590.5,295.499999999999,7030.5,295.499999999999,54358.0434782609,295.500000000002,101.043702033659,295.500000000002,79.2888355342137
296.449999999999,2700.55,295.449999999999,7470,295.449999999999,54461.6956521739,295.450000000002,109.22655151211,295.450000000002,81.5978391356543
296.399999999999,2648.4,295.399999999999,7140,295.399999999999,54209.7391304348,295.400000000002,99.4982060107475,295.400000000002,78.2028211284514
296.349999999999,2612.8,295.349999999999,6947.5,295.349999999999,54203.5217391304,295.350000000002,96.7383916841197,295.350000000002,77.5766506602641
296.299999999999,2538.05,295.299999999999,7053.75,295.299999999999,54353.6956521739,295.300000000002,93.0816377013379,295.300000000002,78.3104441776711
296.249999999999,2787.3,295.249999999999,7099.75,295.249999999999,54273.3913043478,295.250000000002,82.2562660051405,295.250000000002,78.2419567827131
296.199999999999,2632.75,295.199999999999,7679.625,295.199999999999,54593.3913043478,295.200000000002,101.581865827351,295.200000000002,82.8599639855942
296.149999999999,2776.15,295.149999999999,7172.25,295.149999999999,54197.8695652174,295.150000000003,98.4494765666289,295.150000000003,80.7466386554622
296.099999999999,2623.05,295.099999999999,7087.125,295.099999999999,55046.7391304348,295.100000000003,93.9233810709594,295.100000000003,73.9272509003601
296.049999999999,2641.15,295.049999999999,7248.625,295.049999999999,54681.2608695652,295.050000000003,87.2998266870527,295.050000000003,82.5077430972389
295.999999999999,2740.65,294.999999999999,7170.125,294.999999999999,53754,295.000000000003,95.323986841723,295.000000000003,81.2554021608643
295.949999999999,2687.75,294.949999999999,7369.75,294.949999999999,53322.3043478261,294.950000000003,94.1648648245393,294.950000000003,77.7136254501801
295.899999999999,2730.2,294.899999999999,7710,294.899999999999,54986.8260869565,294.900000000003,96.4003144291078,294.900000000003,78.2223889555822
295.849999999999,2732.25,294.849999999999,7315.75,294.849999999999,54692.9565217391,294.850000000003,105.397309133914,294.850000000003,87.5562424969988
295.799999999999,2699.25,294.799999999999,7550.25,294.799999999999,55070.7391304348,294.800000000003,98.3666821368301,294.800000000003,83.1730492196879
295.749999999999,2643.4,294.749999999999,7557.25,294.749999999999,54450.7391304348,294.750000000003,107.280882411838,294.750000000003,89.5423769507803
295.699999999999,2770.8,294.699999999999,7337,294.699999999999,54198.1304347826,294.700000000003,108.729784933317,294.700000000003,83.7307322929172
295.649999999999,2673.55,294.649999999999,7351,294.649999999999,54462.652173913,294.650000000003,111.413704365963,294.650000000003,85.8636254501801
295.599999999999,2658.1,294.599999999999,7569.625,294.599999999999,54196.4782608696,294.600000000003,102.8513804176,294.600000000003,72.5575030012005
295.549999999999,2576.8,294.549999999999,7916.5,294.549999999999,54844.2608695652,294.550000000003,103.927708004985,294.550000000003,75.2969987995198
295.499999999999,2752.35,294.499999999999,7839.875,294.499999999999,54460.4347826087,294.500000000003,100.795318744263,294.500000000003,77.3516206482593
295.449999999999,2594.1,294.449999999999,7829.125,294.449999999999,54210.347826087,294.450000000003,100.802218280079,294.450000000003,88.0258703481393
295.399999999999,2641.75,294.399999999999,8192.125,294.399999999999,54582.0869565217,294.400000000003,109.537030623856,294.400000000003,88.4270108043217
295.349999999999,2703.6,294.349999999999,8095.875,294.349999999999,54223.3913043478,294.350000000003,113.690551185431,294.350000000003,101.165666266507
295.299999999999,2667.7,294.299999999999,8556.5,294.299999999999,55814.0434782609,294.300000000003,119.368869162467,294.300000000003,101.938595438175
295.249999999999,2716.9,294.249999999999,8573,294.249999999999,55504.5652173913,294.250000000003,119.279175196852,294.250000000003,98.5729291716687
295.199999999999,2783.95,294.199999999999,8948.875,294.199999999999,55385.4782608696,294.200000000004,128.165777328593,294.200000000004,96.8216086434574
295.149999999999,2678.15,294.149999999999,9258.125,294.149999999999,55095.5652173913,294.150000000004,121.949295557864,294.150000000004,105.216206482593
295.099999999999,2652.25,294.099999999999,9606.125,294.099999999999,55956.5217391304,294.100000000003,130.311532967546,294.100000000003,107.7893757503
295.049999999999,2676.35,294.049999999999,9418.125,294.049999999999,55802.9130434783,294.050000000004,145.380119190934,294.050000000004,101.566806722689
294.999999999999,2763.4,293.999999999999,9865.625,293.999999999999,55708,294.000000000004,145.304224296952,294.000000000004,103.866026410564
294.949999999999,2673.65,293.949999999999,10380.625,293.949999999999,55677,293.950000000004,138.770363878661,293.950000000004,109.834213685474
294.899999999999,2724.85,293.899999999999,10512.25,293.899999999999,56520.6956521739,293.900000000004,152.010573110657,293.900000000004,110.54843937575
294.849999999999,2701.6,293.849999999999,11165.75,293.849999999999,56143,293.850000000004,161.414640428641,293.850000000004,115.293637454982
294.799999999999,2731.7,293.799999999999,12064.25,293.799999999999,56579.5217391304,293.800000000004,176.462528044579,293.800000000004,110.65606242497
294.749999999999,2510.8,293.749999999999,11938.875,293.749999999999,57957.3913043478,293.750000000004,168.065792955814,293.750000000004,106.791416566627
294.699999999999,2765.55,293.699999999999,12064.5,293.699999999999,57719.8695652174,293.700000000004,170.522027706513,293.700000000004,113.053121248499
294.649999999999,2620.65,293.649999999999,12541.125,293.649999999999,57606,293.650000000004,167.18955190711,293.650000000004,126.261404561825
294.599999999999,2798.3,293.599999999999,13267,293.599999999999,57057.5652173913,293.600000000004,174.917032021668,293.600000000004,130.595678271309
294.549999999999,2811,293.549999999999,12989.5,293.549999999999,57631.6956521739,293.550000000004,183.47935597003,293.550000000004,122.925090036014
294.499999999999,2778.65,293.499999999999,13318,293.499999999999,57441.4782608696,293.500000000004,184.479788663433,293.500000000004,119.412665066026
294.449999999999,2817.4,293.449999999999,13398.5,293.449999999999,57164.5652173913,293.450000000004,190.220202462819,293.450000000004,130.683733493397
294.399999999999,2799.55,293.399999999999,13300.625,293.399999999999,58710.1304347826,293.400000000004,197.65790207308,293.400000000004,131.124009603842
294.349999999999,2910.7,293.349999999999,12908.375,293.349999999999,58202.9565217391,293.350000000004,197.485413677666,293.350000000004,125.517827130852
294.299999999999,2824.45,293.299999999999,14002.25,293.299999999999,57082.3043478261,293.300000000004,188.48841897286,293.300000000004,132.190456182473
294.249999999999,2890.4,293.249999999999,13490,293.249999999999,57993.5652173913,293.250000000004,169.218015437181,293.250000000004,126.545138055222
294.199999999999,2979,293.199999999999,13484,293.199999999999,57716.347826087,293.200000000004,174.923931557484,293.200000000004,136.074669867947
294.149999999999,3013.05,293.149999999999,13828.5,293.149999999999,56913.7826086957,293.150000000004,189.205970697783,293.150000000004,134.714705882353
294.099999999999,3127.65,293.099999999999,13563.125,293.099999999999,57406.9565217391,293.100000000005,193.531979654772,293.100000000005,127.40612244898
294.049999999999,3071.6,293.049999999999,14533.375,293.049999999999,58525.2608695652,293.050000000005,198.265061224939,293.050000000005,127.161524609844
293.999999999999,3219.4,292.999999999999,14593.375,292.999999999999,58449.1739130435,293.000000000004,194.056344376831,293.000000000004,128.364945978391
293.949999999999,3104.9,292.949999999999,15002.75,292.949999999999,57851.2608695652,292.950000000005,204.184862955555,292.950000000005,133.051440576231
293.899999999999,3235.85,292.899999999999,15670.625,292.899999999999,58881.3913043478,292.900000000005,204.943811895378,292.900000000005,133.628691476591
293.849999999999,3326.5,292.849999999999,17018.25,292.849999999999,59410.9565217391,292.850000000005,214.313381534279,292.850000000005,137.483553421369
293.799999999999,3313.7,292.799999999999,18153.375,292.799999999999,59476.2173913043,292.800000000005,219.405238966907,292.800000000005,149.791716686675
293.749999999999,3450.5,292.749999999999,19039.625,292.749999999999,60367,292.750000000005,233.045621276265,292.750000000005,152.257262905162
293.699999999999,3519.15,292.699999999999,21601,292.699999999999,61080.2608695652,292.700000000005,232.604050984004,292.700000000005,162.990216086434
293.649999999999,3489.7,292.649999999999,23928.625,292.649999999999,61440.8260869565,292.650000000005,271.24835109261,292.650000000005,161.043217286915
293.599999999999,3706.9,292.599999999999,25822,292.599999999999,63990.7391304348,292.600000000005,289.835700582448,292.600000000005,169.809603841537
293.549999999999,3637.95,292.549999999999,28192.5,292.549999999999,63850.3043478261,292.550000000005,311.093170433298,292.550000000005,180.32731092437
293.499999999999,3732.7,292.499999999999,30485,292.499999999999,63843.9130434783,292.500000000005,318.399778863045,292.500000000005,184.876830732293
293.449999999999,3886.85,292.449999999999,32596.375,292.449999999999,65588.0869565217,292.450000000005,345.687443017577,292.450000000005,186.598799519808
293.399999999999,3669.55,292.399999999999,33325.875,292.399999999999,65665.3913043478,292.400000000005,367.572770627735,292.400000000005,189.250240096038
293.349999999999,3837.2,292.349999999999,35039.125,292.349999999999,66074.5652173913,292.350000000005,389.402901951361,292.350000000005,187.430432172869
293.299999999999,4081.6,292.299999999999,37387.5,292.299999999999,67308.6956521739,292.300000000005,415.565941767792,292.300000000005,202.419387755102
293.249999999999,3979.9,292.249999999999,40782.75,292.249999999999,67649.4347826087,292.250000000005,421.237360209012,292.250000000005,219.844537815126
293.199999999999,3866.45,292.199999999999,43029.75,292.199999999999,68845.0869565217,292.200000000005,424.031672214723,292.200000000005,225.705102040816
293.149999999999,3817.6,292.149999999999,44650.75,292.149999999999,69687.8260869565,292.150000000005,451.45042754977,292.150000000005,229.237094837935
293.099999999999,3874.15,292.099999999999,47240.75,292.099999999999,69810.6956521739,292.100000000005,451.091651687308,292.100000000005,231.311284513806
293.049999999999,4030.3,292.049999999999,48940.5,292.049999999999,71152.4782608696,292.050000000005,472.162834071111,292.050000000005,239.539555822329
292.999999999999,4156.1,291.999999999999,50731.875,291.999999999999,70493.0869565217,292.000000000005,524.468215096523,292.000000000005,239.157983193277
292.949999999999,4289.55,291.949999999999,50910.125,291.949999999999,71306.7826086957,291.950000000005,512.256036701196,291.950000000005,237.95456182473
292.899999999999,4559.5,291.899999999999,51332,291.899999999999,72026.8695652174,291.900000000005,505.156414345946,291.900000000005,237.142496998799
292.849999999999,4707.65,291.849999999999,51151.25,291.849999999999,71470.7826086956,291.850000000006,514.767467738427,291.850000000006,245.263145258103
292.799999999999,5091.2,291.799999999999,51091.625,291.799999999999,70944.0434782609,291.800000000006,519.976617279937,291.800000000006,249.587635054022
292.749999999999,5334.4,291.749999999999,49723.5,291.749999999999,69653.2608695652,291.750000000006,526.524276769861,291.750000000006,252.121668667467
292.699999999999,5614.4,291.699999999999,47314.125,291.699999999999,68963.6956521739,291.700000000006,509.737706128148,291.700000000006,249.734393757503
292.649999999999,6044.2,291.649999999999,47029.375,291.649999999999,69055.2173913044,291.650000000006,491.39184039189,291.650000000006,251.211764705882
292.599999999998,6756.85,291.599999999998,43598.625,291.599999999998,68353.0434782609,291.600000000006,485.299550265859,291.600000000006,265.2712484994
292.549999999998,7662.55,291.549999999998,41209.125,291.549999999998,67761.7391304348,291.550000000006,469.209832741619,291.550000000006,262.610024009604
292.499999999999,8388.95,291.499999999999,40407.375,291.499999999999,67090.6956521739,291.500000000006,458.425858260321,291.500000000006,264.077611044418
292.449999999998,9026.85,291.449999999999,38886.625,291.449999999999,66788.6086956522,291.450000000006,454.769104277539,291.450000000006,261.054381752701
292.399999999998,8944.75,291.399999999998,38396.5,291.399999999998,66123.652173913,291.400000000006,400.518054151854,291.400000000006,252.669567827131
292.349999999998,8981.75,291.349999999998,36693.75,291.349999999998,67749.1739130435,291.350000000006,403.298567085932,291.350000000006,238.815546218487
292.299999999998,9514.4,291.299999999998,37017.375,291.299999999998,66917.4347826087,291.300000000006,408.652606879589,291.300000000006,238.385054021609
292.249999999999,9930.05,291.249999999999,37200.25,291.249999999999,67817.9130434783,291.250000000006,436.202453395151,291.250000000006,241.780072028811
292.199999999998,10779.7,291.199999999999,39203.625,291.199999999999,68086.5217391304,291.200000000006,432.055832369393,291.200000000006,252.062965186074
292.149999999998,11819.2,291.149999999998,40938.875,291.149999999998,68931.9565217391,291.150000000006,449.359868197349,291.150000000006,257.150600240096
292.099999999998,11927.05,291.099999999998,43414,291.099999999998,70418.6086956522,291.100000000006,464.40085627747,291.100000000006,254.655702280912
292.049999999998,12094.65,291.049999999998,47653.125,291.049999999998,72344.2173913044,291.050000000006,492.675154053772,291.050000000006,276.0531212485
291.999999999998,12859.15,290.999999999998,51847.5,290.999999999998,73832.8695652174,291.000000000006,538.322483016195,291.000000000006,286.63931572629
291.949999999998,13398.15,290.949999999998,55669.125,290.949999999998,75475.1304347826,290.950000000006,571.53684843716,290.950000000006,296.247118847539
291.899999999998,13312,290.899999999998,61266.5,290.899999999998,76696.6086956522,290.900000000006,576.897787766634,290.900000000006,300.248739495798
291.849999999998,13500,290.849999999998,64528.5,290.849999999998,78730.7826086956,290.850000000006,653.227352505342,290.850000000006,311.451320528211
291.799999999998,13323.85,290.799999999998,69044.625,290.799999999998,79311.0869565217,290.800000000006,693.858718929119,290.800000000006,329.796158463385
291.749999999998,13133.9,290.749999999998,75151.375,290.749999999998,81509.9130434783,290.750000000007,702.883311777192,290.750000000007,368.775270108043
291.699999999998,12626.85,290.699999999998,79578.125,290.699999999998,83678.6086956522,290.700000000007,770.388370206507,290.700000000007,361.349279711885
291.649999999998,12273.95,290.649999999998,81983.5,290.649999999998,84641.6086956522,290.650000000007,814.269417999888,290.650000000007,390.17268907563
291.599999999998,11715.75,290.599999999998,88068.25,290.599999999998,85466.4347826087,290.600000000007,843.309564251829,290.600000000007,418.663445378151
291.549999999998,11383.3,290.549999999998,94382.125,290.549999999998,87418.7826086956,290.550000000007,899.754666767183,290.550000000007,430.717226890756
291.499999999998,11129.8,290.499999999998,98320.25,290.499999999998,88889.7826086956,290.500000000007,941.234676096399,290.500000000007,432.077190876351
291.449999999998,10585.1,290.449999999998,101288.375,290.449999999998,90159.7391304348,290.450000000007,962.968213918592,290.450000000007,451.635234093638
291.399999999998,10291.75,290.399999999998,104203.5,290.399999999998,89508.2608695652,290.400000000007,973.117431104766,290.400000000007,451.185174069628
291.349999999998,10373.2,290.349999999998,105916.625,290.349999999998,91055.6086956522,290.350000000007,986.971699024437,290.350000000007,446.508463385354
291.299999999998,10146.8,290.299999999998,105790.25,290.299999999998,90567,290.300000000007,965.093270950096,290.300000000007,449.06206482593
291.249999999998,10144.65,290.249999999998,106018.875,290.249999999998,89954.8695652174,290.250000000007,1007.32532968332,290.250000000007,465.909963985594
291.199999999998,10679.95,290.199999999998,103865.625,290.199999999998,88634.9130434783,290.200000000007,1037.58669377479,290.200000000007,470.351860744298
291.149999999998,11171.65,290.149999999998,100299.625,290.149999999998,87892.9130434783,290.150000000007,958.235132348426,290.150000000007,463.679231692677
291.099999999998,11682.9,290.099999999998,96947.125,290.099999999998,86481.7826086957,290.100000000007,966.756059081889,290.100000000007,452.682112845138
291.049999999998,12458.45,290.049999999998,91201.875,290.049999999998,83881.7391304348,290.050000000007,936.439498703883,290.050000000007,458.894897959184
290.999999999998,13477.15,289.999999999998,85090.75,289.999999999998,81274.6086956522,290.000000000007,895.621844813058,290.000000000007,437.008283313325
290.949999999998,14706.6,289.949999999998,78179.625,289.949999999998,79198.3043478261,289.950000000007,807.728658045781,289.950000000007,431.010744297719
290.899999999998,15532.25,289.899999999998,71153.25,289.899999999998,77352.4782608696,289.900000000007,758.804049570487,289.900000000007,406.413985594238
290.849999999998,16940.9,289.849999999998,63879.375,289.849999999998,74829.2608695652,289.850000000007,712.708250779987,289.850000000007,375.379411764706
290.799999999998,17980.9,289.799999999998,57396.25,289.799999999998,72836.6086956522,289.800000000007,670.655579977997,289.800000000007,372.405102040816
290.749999999998,19698.45,289.749999999998,51697.125,289.749999999998,70408.4782608696,289.750000000007,591.366114373981,289.750000000007,363.452821128451
290.699999999998,20909.45,289.699999999998,45292.875,289.699999999998,68277.347826087,289.700000000007,548.361307629303,289.700000000007,351.193577430972
290.649999999998,22224.5,289.649999999998,39827.625,289.649999999998,66822.4782608696,289.650000000008,509.510021446201,289.650000000008,331.019147659064
290.599999999998,23161.9,289.599999999998,34642.875,289.599999999998,65465,289.600000000008,463.007150042523,289.600000000008,296.364525810324
290.549999999998,23957.65,289.549999999998,30166.5,289.549999999998,63310.8695652174,289.550000000008,403.947123452689,289.550000000008,269.546818727491
290.499999999998,25906.2,289.499999999998,26866,289.499999999998,61645.347826087,289.500000000008,364.033308753835,289.500000000008,246.906842737095
290.449999999998,26965.9,289.449999999998,23334.625,289.449999999998,60604.0869565218,289.450000000008,320.787018255578,289.450000000008,232.475570228091
290.399999999998,27588.75,289.399999999998,20032,289.399999999998,58936.4347826087,289.400000000008,274.08406031322,289.400000000008,222.584033613445
290.349999999998,28492.65,289.349999999998,18165.25,289.349999999998,59730.3043478261,289.350000000008,234.673911728975,289.350000000008,202.028031212485
290.299999999998,28915.6,289.299999999998,16079.125,289.299999999998,59105.0434782609,289.300000000008,213.954605671817,289.300000000008,191.392917166867
290.249999999998,28586.85,289.249999999998,14792.75,289.249999999998,58457.347826087,289.250000000008,188.557414331025,289.250000000008,168.586614645858
290.199999999998,28567.9,289.199999999998,13835.125,289.199999999998,58080.0869565217,289.200000000008,174.24777704746,289.200000000008,153.636794717887
290.149999999998,27909.6,289.149999999998,11970.75,289.149999999998,56490.347826087,289.150000000008,167.769112915702,289.150000000008,144.019207683073
290.099999999998,26962.8,289.099999999998,11340.875,289.099999999998,56672.3913043478,289.100000000008,149.098968996065,289.100000000008,124.969927971188
290.049999999998,25416.3,289.049999999998,10774.75,289.049999999998,56257.9130434783,289.050000000008,132.609078394464,289.050000000008,125.576530612245
289.999999999998,23969.55,288.999999999998,10564.625,288.999999999998,56138.652173913,289.000000000008,125.902729580759,289.000000000008,120.077971188475
289.949999999998,22289.15,288.949999999998,9767.375,288.949999999998,56160.7391304348,288.950000000008,130.808299546339,288.950000000008,113.209663865546
289.899999999998,20668.75,288.899999999998,9657.625,288.899999999998,56251.1304347826,288.900000000008,128.110581042061,288.900000000008,102.476710684274
289.849999999998,18036.35,288.849999999998,9555.25,288.849999999998,55832.0434782609,288.850000000008,113.352473930419,288.850000000008,98.0837334933974
289.799999999998,16612.6,288.799999999998,9149.875,288.799999999998,55831.2173913043,288.800000000008,112.524529632431,288.800000000008,98.8957983193277
289.749999999998,14757,288.749999999998,9170.625,288.749999999998,55837.3043478261,288.750000000008,108.253716961974,288.750000000008,100.77430972389
289.699999999998,12602.7,288.699999999998,9083.625,288.699999999998,56460.7826086957,288.700000000009,109.964801844483,288.700000000009,95.8334333733493
289.649999999998,11331.2,288.649999999998,8822,288.649999999998,55722.652173913,288.650000000009,109.281747798643,288.650000000009,90.6773109243698
289.599999999998,9824.8,288.599999999998,9107.125,288.599999999998,55521.2608695652,288.600000000008,97.5456373746583,288.600000000008,89.9924369747899
289.549999999998,8648.05,288.549999999998,8896.125,288.549999999998,54933.0434782609,288.550000000009,106.197655288636,288.550000000009,89.1314525810324
289.499999999998,7694.9,288.499999999998,8973.375,288.499999999998,55534.6956521739,288.500000000009,95.6551645609183,288.500000000009,89.9826530612245
289.449999999998,6669.05,288.449999999998,9580,288.449999999998,54890.5652173913,288.450000000009,102.030335655428,288.450000000009,84.5330132052821
289.399999999998,5867,288.399999999998,8362.625,288.399999999998,56079.2608695652,288.400000000009,109.081661259962,288.400000000009,88.8379351740696
289.349999999998,4975.65,288.349999999998,8606.5,288.349999999998,55689.8260869565,288.350000000009,97.311053156895,288.350000000009,81.5587034813926
289.299999999998,4509.15,288.299999999998,8817.625,288.299999999998,55292.0434782609,288.300000000009,106.21145436027,288.300000000009,86.7246098439376
289.249999999998,4050.55,288.249999999998,8589.5,288.249999999998,56349.7826086957,288.250000000009,105.493902635346,288.250000000009,82.1163865546218
289.199999999998,3710.65,288.199999999998,8762.75,288.199999999998,55687.0434782609,288.200000000009,101.802650973482,288.200000000009,91.440456182473
289.149999999998,3426.65,288.149999999998,8715.75,288.149999999998,55761.1304347826,288.150000000009,80.9729523432586,288.150000000009,87.4584033613445
289.099999999998,3437.7,288.099999999998,8804.625,288.099999999998,55110.0434782609,288.100000000009,93.4335140279829,288.100000000009,96.146518607443
289.049999999998,3293.7,288.049999999998,9018.25,288.049999999998,54728.5217391304,288.050000000009,95.9104473861314,288.050000000009,86.3332533013206
288.999999999998,2992.2,287.999999999998,8563.5,287.999999999998,55989.4782608696,288.000000000009,96.7107935408534,288.000000000009,85.6483793517407
288.949999999998,2868.95,287.949999999998,8383,287.949999999998,55414,287.950000000009,100.850515030795,287.950000000009,75.5220288115246
288.899999999998,2778.15,287.899999999998,8745.75,287.899999999998,55086,287.900000000009,104.928140698388,287.900000000009,78.9953181272509
288.849999999998,2796.1,287.849999999998,9132,287.849999999998,55953.8260869565,287.850000000009,103.444740497825,287.850000000009,82.5077430972389
288.799999999998,2786,287.799999999998,8961.875,287.799999999998,55567.1739130435,287.800000000009,102.202824050843,287.800000000009,83.955762304922
288.749999999998,2536.3,287.749999999998,8682.5,287.749999999998,55573.4782608696,287.750000000009,94.0544722514742,287.750000000009,86.4213085234094
288.699999999998,2690.45,287.699999999998,8574,287.699999999998,55258.2173913043,287.700000000009,98.2700886353981,287.700000000009,77.9288715486195
288.649999999998,2644.3,287.649999999998,8549.375,287.649999999998,55999.5652173913,287.650000000009,103.637927500689,287.650000000009,73.5945978391356
288.599999999998,2675.05,287.599999999998,8367.375,287.599999999998,55657.652173913,287.60000000001,100.602131741399,287.60000000001,75.7764105642257
288.549999999998,2672.8,287.549999999998,8483.125,287.549999999998,55286.9130434783,287.55000000001,103.769018681204,287.55000000001,69.9647659063625
288.499999999998,2571.85,287.499999999998,8370.5,287.499999999998,54848,287.500000000009,99.2360236497178,287.500000000009,74.015306122449
288.449999999998,2588.8,287.449999999998,8265.875,287.449999999998,54798.7391304348,287.45000000001,96.7797888990191,287.45000000001,68.2036614645858
288.399999999998,2752.1,287.399999999998,8575.375,287.399999999998,55498.7391304348,287.40000000001,105.190323059417,287.40000000001,72.5966386554622
288.349999999998,2558.1,287.349999999998,8864.125,287.349999999998,56442.2173913043,287.35000000001,91.9018170767045,287.35000000001,69.2994597839136
288.299999999998,2675.35,287.299999999998,8558.625,287.299999999998,55324.8260869565,287.30000000001,96.2278260336936,287.30000000001,70.0332533013205
288.249999999998,2548.4,287.249999999998,8258.375,287.249999999998,55819.652173913,287.25000000001,91.3912514262784,287.25000000001,70.9725090036014
288.199999999997,2644.7,287.199999999997,8601.75,287.199999999997,56426.652173913,287.20000000001,93.4818107786989,287.20000000001,85.2863745498199
288.149999999997,2603.45,287.149999999997,8472.875,287.149999999997,55602.9130434783,287.15000000001,97.2075601196464,287.15000000001,88.3683073229292
288.099999999998,2730.55,287.099999999998,8721.125,287.099999999998,55495.2173913043,287.10000000001,96.0139404233799,287.10000000001,84.6406362545018
288.049999999998,2721.35,287.049999999997,8713.125,287.049999999997,56053.1304347826,287.05000000001,92.8953502342906,287.05000000001,85.7070828331332
287.999999999997,2669.65,286.999999999997,8525.625,286.999999999997,55206.2608695652,287.00000000001,92.4192822629473,287.00000000001,79.31818727491
287.949999999997,2492.6,286.949999999997,8887.375,286.949999999997,55406.6956521739,286.95000000001,96.8073870422854,286.95000000001,79.8269507803121
287.899999999997,2672.25,286.899999999997,8592.25,286.899999999997,55277.2608695652,286.90000000001,114.028628440443,286.90000000001,81.4217286914766
287.849999999998,2520.3,286.849999999997,8469.875,286.849999999997,55553.347826087,286.85000000001,99.1325306124693,286.85000000001,76.2851740696278
287.799999999998,2661.3,286.799999999997,8511.125,286.799999999997,55645.0434782609,286.80000000001,99.0842338617533,286.80000000001,74.6414765906363
287.749999999997,2373.25,286.749999999997,8515.625,286.749999999997,55281.5217391304,286.75000000001,108.28131510524,286.75000000001,76.0014405762305
287.699999999997,2570.75,286.699999999997,9113.375,286.699999999997,55760.7391304348,286.70000000001,93.9164815351428,286.70000000001,82.9871548619448
287.649999999997,2604.2,286.649999999997,8642.25,286.649999999997,55797.4782608696,286.65000000001,89.1351032142602,286.65000000001,75.2872148859544
287.599999999997,2591.2,286.599999999997,8299.75,286.599999999997,56520.2173913043,286.60000000001,94.3856499706695,286.60000000001,69.4266506602641
287.549999999997,2493.9,286.549999999997,8392.5,286.549999999997,55942.652173913,286.55000000001,100.063967947706,286.55000000001,65.4445978391356
287.499999999997,2577.2,286.499999999997,8998.125,286.499999999997,55236.3043478261,286.50000000001,90.6185034148226,286.50000000001,73.3793517406963
287.449999999997,2598.55,286.449999999997,8890.625,286.449999999997,56677,286.45000000001,106.018267357406,286.45000000001,80.4531212484994
287.399999999997,2567.35,286.399999999997,8605.625,286.399999999997,56351.9130434783,286.400000000011,106.107961323021,286.400000000011,76.79393757503
287.349999999997,2507.2,286.349999999997,8630.25,286.349999999997,56107.9565217391,286.350000000011,91.6327351798583,286.350000000011,87.0083433373349
287.299999999997,2542.8,286.299999999997,8260.375,286.299999999997,56097.8695652174,286.300000000011,91.5775388933258,286.300000000011,86.6854741896759
287.249999999997,2498.1,286.249999999997,8677.25,286.249999999997,55768.4782608696,286.250000000011,109.164455689761,286.250000000011,82.2631452581032
287.199999999997,2578.55,286.199999999997,8933.375,286.199999999997,55306.3913043478,286.200000000011,95.8966483144982,286.200000000011,78.8289915966386
287.149999999997,2664.65,286.149999999997,8670.25,286.149999999997,55736.0869565217,286.150000000011,90.5495080566569,286.150000000011,77.2733493397359
287.099999999997,2524.1,286.099999999997,8674.75,286.099999999997,55243.4347826087,286.100000000011,103.920808469169,286.100000000011,85.3255102040816
287.049999999997,2588.55,286.049999999997,8659.5,286.049999999997,56289.347826087,286.050000000011,98.5529696038775,286.050000000011,72.8118847539016
286.999999999997,2429.9,285.999999999997,8256.5,285.999999999997,56029.8260869565,286.000000000011,91.9225156841543,286.000000000011,77.2733493397359
